<files>
  <file>
    <name>44839.html</name>
    <keyphrase_sets>
      <keyphrases>
        <keyphrase>fortes précipitations</keyphrase>
        <keyphrase>chine</keyphrase>
        <keyphrase>manille</keyphrase>
        <keyphrase>typhon</keyphrase>
        <keyphrase>taiwan</keyphrase>
        <keyphrase>alerte</keyphrase>
        <keyphrase>asie de l'est</keyphrase>
      </keyphrases>
      <keyphrases>
        <keyphrase>typhon</keyphrase>
        <keyphrase>philippines</keyphrase>
        <keyphrase>importants dégâts</keyphrase>
        <keyphrase>saola</keyphrase>
      </keyphrases>
      <keyphrases>
        <keyphrase>typhon saola</keyphrase>
        <keyphrase>philippines</keyphrase>
        <keyphrase>taiwan</keyphrase>
        <keyphrase>chine</keyphrase>
      </keyphrases>
    </keyphrase_sets>
  </file>
  <file>
    <name>45467.html</name>
    <keyphrase_sets>
      <keyphrases>
        <keyphrase>antoine sollacaro</keyphrase>
        <keyphrase>corse</keyphrase>
        <keyphrase>avocat</keyphrase>
        <keyphrase>assassin</keyphrase>
        <keyphrase>claude erignac</keyphrase>
      </keyphrases>
      <keyphrases>
        <keyphrase>cour</keyphrase>
        <keyphrase>avocat de yvan colonna</keyphrase>
        <keyphrase>antoine sollacaro</keyphrase>
        <keyphrase>clause erignac</keyphrase>
        <keyphrase>assassinat</keyphrase>
        <keyphrase>corse</keyphrase>
      </keyphrases>
      <keyphrases>
        <keyphrase>assassinat</keyphrase>
        <keyphrase>antoine sollacaro</keyphrase>
        <keyphrase>avocat de yvan colonna</keyphrase>
      </keyphrases>
    </keyphrase_sets>
  </file>
  <file>
    <name>44552.html</name>
    <keyphrase_sets>
      <keyphrases>
        <keyphrase>arrestations</keyphrase>
        <keyphrase>terroristes</keyphrase>
        <keyphrase>grande-bretagne</keyphrase>
        <keyphrase>londres</keyphrase>
        <keyphrase>jeux olympiques</keyphrase>
        <keyphrase>2012</keyphrase>
      </keyphrases>
      <keyphrases>
        <keyphrase>missiles</keyphrase>
        <keyphrase>terroristes</keyphrase>
        <keyphrase>londres</keyphrase>
        <keyphrase>attentat</keyphrase>
        <keyphrase>eta</keyphrase>
        <keyphrase>arrestations</keyphrase>
        <keyphrase>scotland yard</keyphrase>
        <keyphrase>jeux olympiques</keyphrase>
        <keyphrase>sécurité</keyphrase>
      </keyphrases>
      <keyphrases>
        <keyphrase>jeux olympiques</keyphrase>
        <keyphrase>2012</keyphrase>
        <keyphrase>terroristes</keyphrase>
        <keyphrase>londres</keyphrase>
        <keyphrase>arrestations</keyphrase>
      </keyphrases>
    </keyphrase_sets>
  </file>
  <file>
    <name>45635.html</name>
    <keyphrase_sets>
      <keyphrases>
        <keyphrase>manifestation anti-américaine</keyphrase>
        <keyphrase>téhéran</keyphrase>
        <keyphrase>iran</keyphrase>
        <keyphrase>étudiants universitaires</keyphrase>
        <keyphrase>milice populaire basij</keyphrase>
      </keyphrases>
      <keyphrases>
        <keyphrase>manifestation anti-américaine</keyphrase>
        <keyphrase>ambassade</keyphrase>
        <keyphrase>téhéran</keyphrase>
      </keyphrases>
      <keyphrases>
        <keyphrase>iran</keyphrase>
        <keyphrase>téhéran</keyphrase>
        <keyphrase>manifestation anti-américaine</keyphrase>
        <keyphrase>ayatollah ali khamenei</keyphrase>
        <keyphrase>sanctions</keyphrase>
      </keyphrases>
    </keyphrase_sets>
  </file>
  <file>
    <name>44975.html</name>
    <keyphrase_sets>
      <keyphrases>
        <keyphrase>discipline</keyphrase>
        <keyphrase>exclusion</keyphrase>
        <keyphrase>linguistique</keyphrase>
        <keyphrase>faute</keyphrase>
        <keyphrase>catalan</keyphrase>
        <keyphrase>décision</keyphrase>
        <keyphrase>unanimité</keyphrase>
        <keyphrase>vote</keyphrase>
        <keyphrase>normalisation</keyphrase>
        <keyphrase>député-maire</keyphrase>
      </keyphrases>
      <keyphrases>
        <keyphrase>langue</keyphrase>
        <keyphrase>antoni pastor</keyphrase>
        <keyphrase>député</keyphrase>
        <keyphrase>catalan</keyphrase>
        <keyphrase>parti populaire</keyphrase>
        <keyphrase>îles baléares</keyphrase>
      </keyphrases>
      <keyphrases>
        <keyphrase>parti populaire espagnol</keyphrase>
        <keyphrase>politique linguistique</keyphrase>
        <keyphrase>Antoni Pastor</keyphrase>
        <keyphrase>exclut</keyphrase>
        <keyphrase>positions en faveur du catalan</keyphrase>
      </keyphrases>
    </keyphrase_sets>
  </file>
  <file>
    <name>45774.html</name>
    <keyphrase_sets>
      <keyphrases>
        <keyphrase>marc guillemot</keyphrase>
        <keyphrase>rentrer</keyphrase>
        <keyphrase>vendée globe</keyphrase>
        <keyphrase>quille</keyphrase>
        <keyphrase>abandon</keyphrase>
        <keyphrase>sables d'olonne</keyphrase>
        <keyphrase>port</keyphrase>
      </keyphrases>
      <keyphrases>
        <keyphrase>vendée globe</keyphrase>
        <keyphrase>abandon</keyphrase>
        <keyphrase>quille</keyphrase>
        <keyphrase>marc guillemot</keyphrase>
        <keyphrase>sables d'olonne</keyphrase>
      </keyphrases>
      <keyphrases>
        <keyphrase>vendée globe</keyphrase>
        <keyphrase>abandon</keyphrase>
        <keyphrase>marc guillemot</keyphrase>
        <keyphrase>rupture de la quille</keyphrase>
      </keyphrases>
    </keyphrase_sets>
  </file>
  <file>
    <name>44545.html</name>
    <keyphrase_sets>
      <keyphrases>
        <keyphrase>de gaulle</keyphrase>
        <keyphrase>50 ans</keyphrase>
        <keyphrase>indépendance</keyphrase>
        <keyphrase>algérie</keyphrase>
        <keyphrase>spectacle</keyphrase>
      </keyphrases>
      <keyphrases>
        <keyphrase>de gaulle</keyphrase>
        <keyphrase>libération</keyphrase>
        <keyphrase>algérie</keyphrase>
        <keyphrase>évian</keyphrase>
        <keyphrase>50 ans</keyphrase>
        <keyphrase>indépendance</keyphrase>
        <keyphrase>pieds-noirs</keyphrase>
      </keyphrases>
      <keyphrases>
        <keyphrase>50 ans</keyphrase>
        <keyphrase>5 juillet 1962</keyphrase>
        <keyphrase>indépendance</keyphrase>
        <keyphrase>algérie</keyphrase>
        <keyphrase>france</keyphrase>
      </keyphrases>
      <keyphrases>
        <keyphrase>50 ans</keyphrase>
        <keyphrase>indépendance</keyphrase>
        <keyphrase>algérie</keyphrase>
        <keyphrase>spectacle</keyphrase>
        <keyphrase>feux d'artifice</keyphrase>
      </keyphrases>
    </keyphrase_sets>
  </file>
  <file>
    <name>44372.html</name>
    <keyphrase_sets>
      <keyphrases>
        <keyphrase>cgt et solidaires</keyphrase>
        <keyphrase>augmenter</keyphrase>
        <keyphrase>medef</keyphrase>
        <keyphrase>inflation</keyphrase>
        <keyphrase>smic</keyphrase>
        <keyphrase>force ouvrière</keyphrase>
      </keyphrases>
      <keyphrases>
        <keyphrase>smic</keyphrase>
        <keyphrase>augmenter</keyphrase>
        <keyphrase>2 %</keyphrase>
        <keyphrase>france</keyphrase>
      </keyphrases>
      <keyphrases>
        <keyphrase>gouvernement ayrault</keyphrase>
        <keyphrase>smic</keyphrase>
        <keyphrase>augmentation</keyphrase>
        <keyphrase>2 %</keyphrase>
      </keyphrases>
    </keyphrase_sets>
  </file>
  <file>
    <name>45619.html</name>
    <keyphrase_sets>
      <keyphrases>
        <keyphrase>poils</keyphrase>
        <keyphrase>sibérie</keyphrase>
        <keyphrase>sapounov</keyphrase>
        <keyphrase>adn</keyphrase>
        <keyphrase>yéti</keyphrase>
        <keyphrase>appartiennent</keyphrase>
      </keyphrases>
      <keyphrases>
        <keyphrase>poils</keyphrase>
        <keyphrase>sibérie</keyphrase>
        <keyphrase>scientifique</keyphrase>
        <keyphrase>adn</keyphrase>
        <keyphrase>découverte</keyphrase>
        <keyphrase>russie</keyphrase>
        <keyphrase>yéti</keyphrase>
      </keyphrases>
      <keyphrases>
        <keyphrase>scientifiques russes</keyphrase>
        <keyphrase>poils de yéti</keyphrase>
        <keyphrase>sibérie</keyphrase>
        <keyphrase>analyse de l'adn</keyphrase>
      </keyphrases>
    </keyphrase_sets>
  </file>
  <file>
    <name>44336.html</name>
    <keyphrase_sets>
      <keyphrases>
        <keyphrase>centenaire</keyphrase>
        <keyphrase>informatique</keyphrase>
        <keyphrase>fêtent</keyphrase>
        <keyphrase>alan turing</keyphrase>
        <keyphrase>université de manchester</keyphrase>
        <keyphrase>grande-bretagne</keyphrase>
      </keyphrases>
      <keyphrases>
        <keyphrase>informatique</keyphrase>
        <keyphrase>centenaire</keyphrase>
        <keyphrase>codes</keyphrase>
        <keyphrase>naissance</keyphrase>
        <keyphrase>célébration</keyphrase>
        <keyphrase>grande-bretagne</keyphrase>
        <keyphrase>alan turing</keyphrase>
      </keyphrases>
      <keyphrases>
        <keyphrase>alan turing</keyphrase>
        <keyphrase>centenaire</keyphrase>
        <keyphrase>informatique</keyphrase>
        <keyphrase>université de manchester</keyphrase>
      </keyphrases>
    </keyphrase_sets>
  </file>
  <file>
    <name>45525.html</name>
    <keyphrase_sets>
      <keyphrases>
        <keyphrase>fermeture des maternités</keyphrase>
        <keyphrase>décès du nouveau né</keyphrase>
        <keyphrase>désertification médicale</keyphrase>
      </keyphrases>
      <keyphrases>
        <keyphrase>éesert medical</keyphrase>
        <keyphrase>accouchement</keyphrase>
        <keyphrase>décès</keyphrase>
        <keyphrase>drame</keyphrase>
        <keyphrase>france</keyphrase>
        <keyphrase>autoroute</keyphrase>
      </keyphrases>
      <keyphrases>
        <keyphrase>france</keyphrase>
        <keyphrase>désert médical</keyphrase>
        <keyphrase>accouchement tragique</keyphrase>
        <keyphrase>raisons économiques</keyphrase>
        <keyphrase>fermeture des petites maternités</keyphrase>
      </keyphrases>
    </keyphrase_sets>
  </file>
  <file>
    <name>44374.html</name>
    <keyphrase_sets>
      <keyphrases>
        <keyphrase>banques belges</keyphrase>
        <keyphrase>piratage</keyphrase>
        <keyphrase>client</keyphrase>
        <keyphrase>responsable</keyphrase>
        <keyphrase>moyen de paiement très sécurisé</keyphrase>
      </keyphrases>
      <keyphrases>
        <keyphrase>hackers</keyphrase>
        <keyphrase>piratage</keyphrase>
        <keyphrase>sites de commerce en ligne</keyphrase>
        <keyphrase>pays de l'est</keyphrase>
        <keyphrase>perte</keyphrase>
        <keyphrase>banques belges</keyphrase>
        <keyphrase>sécurité</keyphrase>
      </keyphrases>
      <keyphrases>
        <keyphrase>parquet fédéral</keyphrase>
        <keyphrase>piratage</keyphrase>
        <keyphrase>banques belges</keyphrase>
        <keyphrase>febelfin</keyphrase>
        <keyphrase>chiffres relativisés</keyphrase>
      </keyphrases>
    </keyphrase_sets>
  </file>
  <file>
    <name>45197.html</name>
    <keyphrase_sets>
      <keyphrases>
        <keyphrase>tumeurs</keyphrase>
        <keyphrase>rats</keyphrase>
        <keyphrase>maïs transgénique</keyphrase>
        <keyphrase>risque de cancer</keyphrase>
        <keyphrase>mortalité</keyphrase>
        <keyphrase>ogm</keyphrase>
      </keyphrases>
      <keyphrases>
        <keyphrase>ogm</keyphrase>
        <keyphrase>étude scientifique</keyphrase>
        <keyphrase>rats</keyphrase>
        <keyphrase>tumeurs</keyphrase>
        <keyphrase>risque de cancer</keyphrase>
      </keyphrases>
      <keyphrases>
        <keyphrase>ogm</keyphrase>
        <keyphrase>rats de laboratoires</keyphrase>
        <keyphrase>tumeurs</keyphrase>
        <keyphrase>maïs transgénique</keyphrase>
      </keyphrases>
    </keyphrase_sets>
  </file>
  <file>
    <name>44499.html</name>
    <keyphrase_sets>
      <keyphrases>
        <keyphrase>forum mondial de la langue française</keyphrase>
        <keyphrase>cameroun</keyphrase>
        <keyphrase>québec</keyphrase>
        <keyphrase>francophone</keyphrase>
      </keyphrases>
      <keyphrases>
        <keyphrase>québec</keyphrase>
        <keyphrase>francophone</keyphrase>
        <keyphrase>premier</keyphrase>
        <keyphrase>forum mondial de la langue française</keyphrase>
      </keyphrases>
      <keyphrases>
        <keyphrase>forum mondial de la langue française</keyphrase>
        <keyphrase>québec</keyphrase>
        <keyphrase>francophonie</keyphrase>
        <keyphrase>cameroun</keyphrase>
      </keyphrases>
    </keyphrase_sets>
  </file>
  <file>
    <name>45643.html</name>
    <keyphrase_sets>
      <keyphrases>
        <keyphrase>mitt romney</keyphrase>
        <keyphrase>élection presidentielle</keyphrase>
        <keyphrase>maison blanche</keyphrase>
        <keyphrase>barack obama</keyphrase>
        <keyphrase>chomage</keyphrase>
        <keyphrase>ohio</keyphrase>
      </keyphrases>
      <keyphrases>
        <keyphrase>débat</keyphrase>
        <keyphrase>chômage</keyphrase>
        <keyphrase>affrontement</keyphrase>
        <keyphrase>romney</keyphrase>
        <keyphrase>présidentielle</keyphrase>
        <keyphrase>séduction</keyphrase>
        <keyphrase>élection</keyphrase>
        <keyphrase>obama</keyphrase>
      </keyphrases>
      <keyphrases>
        <keyphrase>élection présidentielle américaine</keyphrase>
        <keyphrase>barack obama</keyphrase>
        <keyphrase>mitt romney</keyphrase>
        <keyphrase>ohio</keyphrase>
        <keyphrase>bilan économique</keyphrase>
      </keyphrases>
    </keyphrase_sets>
  </file>
  <file>
    <name>44318.html</name>
    <keyphrase_sets>
      <keyphrases>
        <keyphrase>remplacé</keyphrase>
        <keyphrase>fin de service</keyphrase>
        <keyphrase>internet</keyphrase>
        <keyphrase>minitel</keyphrase>
      </keyphrases>
      <keyphrases>
        <keyphrase>fin programmée</keyphrase>
        <keyphrase>connexion au service français de vidéotex</keyphrase>
        <keyphrase>minitel</keyphrase>
      </keyphrases>
      <keyphrases>
        <keyphrase>minitel</keyphrase>
        <keyphrase>france</keyphrase>
        <keyphrase>fin de service</keyphrase>
        <keyphrase>2012</keyphrase>
      </keyphrases>
    </keyphrase_sets>
  </file>
  <file>
    <name>45669.html</name>
    <keyphrase_sets>
      <keyphrases>
        <keyphrase>articles</keyphrase>
        <keyphrase>éducation</keyphrase>
        <keyphrase>wikimédia</keyphrase>
        <keyphrase>france</keyphrase>
        <keyphrase>évènements scolaires</keyphrase>
        <keyphrase>investissement</keyphrase>
      </keyphrases>
      <keyphrases>
        <keyphrase>wikimedia</keyphrase>
        <keyphrase>projet pédagogique</keyphrase>
        <keyphrase>éducation</keyphrase>
        <keyphrase>libre accès à la connaissance</keyphrase>
        <keyphrase>france</keyphrase>
      </keyphrases>
      <keyphrases>
        <keyphrase>association wikimédia france</keyphrase>
        <keyphrase>éducation</keyphrase>
        <keyphrase>événements scolaires</keyphrase>
        <keyphrase>projet pédagogique de wikinews</keyphrase>
      </keyphrases>
    </keyphrase_sets>
  </file>
  <file>
    <name>44543.html</name>
    <keyphrase_sets>
      <keyphrases>
        <keyphrase>discours</keyphrase>
        <keyphrase>assemblée nationale</keyphrase>
        <keyphrase>jean-marc ayrault</keyphrase>
        <keyphrase>opposition mécontente</keyphrase>
        <keyphrase>justice</keyphrase>
        <keyphrase>acclamé</keyphrase>
        <keyphrase>jeunesse</keyphrase>
      </keyphrases>
      <keyphrases>
        <keyphrase>justice</keyphrase>
        <keyphrase>assemblée nationale</keyphrase>
        <keyphrase>education nationale</keyphrase>
        <keyphrase>jean-marc ayrault</keyphrase>
        <keyphrase>discours</keyphrase>
      </keyphrases>
      <keyphrases>
        <keyphrase>jean-marc ayrault</keyphrase>
        <keyphrase>discours</keyphrase>
        <keyphrase>assemblée nationale</keyphrase>
        <keyphrase>nouveau gouvernement</keyphrase>
        <keyphrase>jeunesse</keyphrase>
        <keyphrase>justice</keyphrase>
      </keyphrases>
    </keyphrase_sets>
  </file>
  <file>
    <name>43971.html</name>
    <keyphrase_sets>
      <keyphrases>
        <keyphrase>lancement</keyphrase>
        <keyphrase>capsule dragon</keyphrase>
        <keyphrase>iss</keyphrase>
        <keyphrase>station</keyphrase>
        <keyphrase>spacex</keyphrase>
        <keyphrase>orbite</keyphrase>
        <keyphrase>nasa</keyphrase>
      </keyphrases>
      <keyphrases>
        <keyphrase>falcon 9</keyphrase>
        <keyphrase>lancement</keyphrase>
        <keyphrase>capsule dragon</keyphrase>
        <keyphrase>fusée</keyphrase>
        <keyphrase>nasa</keyphrase>
        <keyphrase>spacex</keyphrase>
      </keyphrases>
      <keyphrases>
        <keyphrase>lancement</keyphrase>
        <keyphrase>fusée falcon 9</keyphrase>
        <keyphrase>spacex</keyphrase>
        <keyphrase>capsule dragon</keyphrase>
      </keyphrases>
    </keyphrase_sets>
  </file>
  <file>
    <name>44337.html</name>
    <keyphrase_sets>
      <keyphrases>
        <keyphrase>résultats</keyphrase>
        <keyphrase>élection présidentielle</keyphrase>
        <keyphrase>égypte</keyphrase>
        <keyphrase>frères musulmans</keyphrase>
        <keyphrase>moubarak</keyphrase>
        <keyphrase>armée</keyphrase>
      </keyphrases>
      <keyphrases>
        <keyphrase>égypte</keyphrase>
        <keyphrase>mobilisation</keyphrase>
        <keyphrase>montée des tensions</keyphrase>
        <keyphrase>frères musulmans</keyphrase>
      </keyphrases>
      <keyphrases>
        <keyphrase>égypte</keyphrase>
        <keyphrase>élection présidentielle</keyphrase>
        <keyphrase>frères musulmans</keyphrase>
        <keyphrase>résultats</keyphrase>
        <keyphrase>rassemblement</keyphrase>
        <keyphrase>place tahrir</keyphrase>
      </keyphrases>
    </keyphrase_sets>
  </file>
  <file>
    <name>44974.html</name>
    <keyphrase_sets>
      <keyphrases>
        <keyphrase>production</keyphrase>
        <keyphrase>marge brute</keyphrase>
        <keyphrase>marges des raffineurs européens</keyphrase>
      </keyphrases>
      <keyphrases>
        <keyphrase>petrole</keyphrase>
        <keyphrase>raffineur europeen</keyphrase>
        <keyphrase>amelioration</keyphrase>
        <keyphrase>hausse des marges</keyphrase>
        <keyphrase>energie</keyphrase>
      </keyphrases>
      <keyphrases>
        <keyphrase>raffineurs européens</keyphrase>
        <keyphrase>hausse des marges</keyphrase>
        <keyphrase>gazole</keyphrase>
        <keyphrase>choix fiscaux</keyphrase>
      </keyphrases>
    </keyphrase_sets>
  </file>
  <file>
    <name>45766.html</name>
    <keyphrase_sets>
      <keyphrases>
        <keyphrase>chinoise</keyphrase>
        <keyphrase>tibet</keyphrase>
        <keyphrase>droits</keyphrase>
        <keyphrase>manifestations</keyphrase>
        <keyphrase>accès</keyphrase>
        <keyphrase>immolations</keyphrase>
        <keyphrase>corruption</keyphrase>
        <keyphrase>occupation</keyphrase>
      </keyphrases>
      <keyphrases>
        <keyphrase>tibétains</keyphrase>
        <keyphrase>chinois</keyphrase>
        <keyphrase>manifestation</keyphrase>
        <keyphrase>immolations</keyphrase>
      </keyphrases>
      <keyphrases>
        <keyphrase>tibet</keyphrase>
        <keyphrase>immolations</keyphrase>
        <keyphrase>manifestations</keyphrase>
        <keyphrase>occupation chinoise</keyphrase>
      </keyphrases>
    </keyphrase_sets>
  </file>
  <file>
    <name>44355.html</name>
    <keyphrase_sets>
      <keyphrases>
        <keyphrase>mohamed morsi</keyphrase>
        <keyphrase>premier dirigeant islamiste de l'égypte</keyphrase>
        <keyphrase>dissolution du parlement</keyphrase>
        <keyphrase>président de l'égypte</keyphrase>
      </keyphrases>
      <keyphrases>
        <keyphrase>président</keyphrase>
        <keyphrase>mohamed morsi</keyphrase>
        <keyphrase>égypte</keyphrase>
        <keyphrase>islamiste</keyphrase>
        <keyphrase>élection présidentielle</keyphrase>
      </keyphrases>
      <keyphrases>
        <keyphrase>mohamed morsi</keyphrase>
        <keyphrase>président</keyphrase>
        <keyphrase>égypte</keyphrase>
        <keyphrase>frère musulman</keyphrase>
        <keyphrase>pouvoir limité</keyphrase>
        <keyphrase>armée</keyphrase>
      </keyphrases>
    </keyphrase_sets>
  </file>
  <file>
    <name>44635.html</name>
    <keyphrase_sets>
      <keyphrases>
        <keyphrase>chute</keyphrase>
        <keyphrase>emplois</keyphrase>
        <keyphrase>postes</keyphrase>
        <keyphrase>philippe varin</keyphrase>
        <keyphrase>psa</keyphrase>
        <keyphrase>france</keyphrase>
        <keyphrase>suppression</keyphrase>
        <keyphrase>ministre</keyphrase>
      </keyphrases>
      <keyphrases>
        <keyphrase>suppression</keyphrase>
        <keyphrase>psa peugeot citroën</keyphrase>
        <keyphrase>gouvernement</keyphrase>
        <keyphrase>emplois</keyphrase>
      </keyphrases>
      <keyphrases>
        <keyphrase>psa</keyphrase>
        <keyphrase>suppression</keyphrase>
        <keyphrase>8000 emplois</keyphrase>
        <keyphrase>france</keyphrase>
        <keyphrase>fermeture</keyphrase>
        <keyphrase>usine d'aulnay-sous-bois</keyphrase>
      </keyphrases>
    </keyphrase_sets>
  </file>
  <file>
    <name>44960.html</name>
    <keyphrase_sets>
      <keyphrases>
        <keyphrase>température</keyphrase>
        <keyphrase>la plus chaude</keyphrase>
        <keyphrase>luxembourg</keyphrase>
        <keyphrase>belgique</keyphrase>
        <keyphrase>orange</keyphrase>
        <keyphrase>alerte</keyphrase>
      </keyphrases>
      <keyphrases>
        <keyphrase>température</keyphrase>
        <keyphrase>luxembourg</keyphrase>
        <keyphrase>alerte</keyphrase>
        <keyphrase>météo</keyphrase>
        <keyphrase>chaude</keyphrase>
        <keyphrase>belgique</keyphrase>
      </keyphrases>
      <keyphrases>
        <keyphrase>belgique</keyphrase>
        <keyphrase>luxembourg</keyphrase>
        <keyphrase>canicule</keyphrase>
        <keyphrase>août 2012</keyphrase>
        <keyphrase>chaleur</keyphrase>
      </keyphrases>
    </keyphrase_sets>
  </file>
  <file>
    <name>45628.html</name>
    <keyphrase_sets>
      <keyphrases>
        <keyphrase>séries de fin</keyphrase>
        <keyphrase>objectif</keyphrase>
        <keyphrase>joueurs</keyphrase>
        <keyphrase>retour</keyphrase>
        <keyphrase>saison</keyphrase>
        <keyphrase>major league soccer</keyphrase>
        <keyphrase>équipe</keyphrase>
      </keyphrases>
      <keyphrases>
        <keyphrase>soccer</keyphrase>
        <keyphrase>major league soccer</keyphrase>
        <keyphrase>nick de santis</keyphrase>
        <keyphrase>objectif</keyphrase>
        <keyphrase>joueurs</keyphrase>
        <keyphrase>bilan de la première saison</keyphrase>
        <keyphrase>joey saputo</keyphrase>
        <keyphrase>impact de montréal</keyphrase>
        <keyphrase>équipe</keyphrase>
      </keyphrases>
      <keyphrases>
        <keyphrase>impact de montréal</keyphrase>
        <keyphrase>bilan de la première saison</keyphrase>
        <keyphrase>amélioration de l'attitude</keyphrase>
        <keyphrase>relâchement</keyphrase>
        <keyphrase>équipe</keyphrase>
      </keyphrases>
    </keyphrase_sets>
  </file>
  <file>
    <name>45527.html</name>
    <keyphrase_sets>
      <keyphrases>
        <keyphrase>sonia dridi</keyphrase>
        <keyphrase>phénomène</keyphrase>
        <keyphrase>correspondante</keyphrase>
        <keyphrase>audiovisuel</keyphrase>
        <keyphrase>ambassade</keyphrase>
        <keyphrase>plainte</keyphrase>
        <keyphrase>journaliste</keyphrase>
        <keyphrase>agression</keyphrase>
        <keyphrase>choque</keyphrase>
        <keyphrase>sexuelle</keyphrase>
      </keyphrases>
      <keyphrases>
        <keyphrase>égypte</keyphrase>
        <keyphrase>agression</keyphrase>
        <keyphrase>journaliste</keyphrase>
        <keyphrase>france 24</keyphrase>
        <keyphrase>sexuelle</keyphrase>
      </keyphrases>
      <keyphrases>
        <keyphrase>sonia dridi</keyphrase>
        <keyphrase>journaliste de france 24</keyphrase>
        <keyphrase>agressée sexuellement</keyphrase>
        <keyphrase>égypte</keyphrase>
        <keyphrase>caire</keyphrase>
      </keyphrases>
    </keyphrase_sets>
  </file>
  <file>
    <name>45758.html</name>
    <keyphrase_sets>
      <keyphrases>
        <keyphrase>vendée globe</keyphrase>
        <keyphrase>départ</keyphrase>
        <keyphrase>sables d'olonne</keyphrase>
        <keyphrase>port</keyphrase>
      </keyphrases>
      <keyphrases>
        <keyphrase>départ</keyphrase>
        <keyphrase>vendée globe</keyphrase>
        <keyphrase>novembre</keyphrase>
      </keyphrases>
      <keyphrases>
        <keyphrase>sables d'olonne</keyphrase>
        <keyphrase>départ du vendée globe</keyphrase>
        <keyphrase>édition 2012-2013</keyphrase>
      </keyphrases>
    </keyphrase_sets>
  </file>
  <file>
    <name>44550.html</name>
    <keyphrase_sets>
      <keyphrases>
        <keyphrase>locuteurs</keyphrase>
        <keyphrase>langue française</keyphrase>
        <keyphrase>français</keyphrase>
        <keyphrase>francophone</keyphrase>
        <keyphrase>amériques</keyphrase>
      </keyphrases>
      <keyphrases>
        <keyphrase>locuteurs</keyphrase>
        <keyphrase>québec</keyphrase>
        <keyphrase>francophone</keyphrase>
        <keyphrase>amériques</keyphrase>
        <keyphrase>forum mondial de la langue française</keyphrase>
      </keyphrases>
      <keyphrases>
        <keyphrase>locuteurs</keyphrase>
        <keyphrase>forum mondial de la langue française</keyphrase>
        <keyphrase>québec</keyphrase>
        <keyphrase>francophone</keyphrase>
      </keyphrases>
    </keyphrase_sets>
  </file>
  <file>
    <name>44581.html</name>
    <keyphrase_sets>
      <keyphrases>
        <keyphrase>jean-marie le pen</keyphrase>
        <keyphrase>ump</keyphrase>
        <keyphrase>dédiabolisation</keyphrase>
        <keyphrase>bourgeoisie</keyphrase>
        <keyphrase>marine le pen</keyphrase>
        <keyphrase>héritière</keyphrase>
        <keyphrase>hauts-de-seine</keyphrase>
        <keyphrase>leader</keyphrase>
        <keyphrase>front national</keyphrase>
      </keyphrases>
      <keyphrases>
        <keyphrase>jean-marie le pen</keyphrase>
        <keyphrase>fille</keyphrase>
        <keyphrase>marine le pen</keyphrase>
        <keyphrase>petite-bourgeoise</keyphrase>
      </keyphrases>
      <keyphrases>
        <keyphrase>jean-marie le pen</keyphrase>
        <keyphrase>fille</keyphrase>
        <keyphrase>marine le pen</keyphrase>
        <keyphrase>petite-bourgeoise</keyphrase>
      </keyphrases>
    </keyphrase_sets>
  </file>
  <file>
    <name>45761.html</name>
    <keyphrase_sets>
      <keyphrases>
        <keyphrase>enseignement supérieur</keyphrase>
        <keyphrase>février 2013</keyphrase>
        <keyphrase>tenue</keyphrase>
        <keyphrase>annonce</keyphrase>
        <keyphrase>québec</keyphrase>
        <keyphrase>gratuité scolaire</keyphrase>
        <keyphrase>associations étudiantes</keyphrase>
        <keyphrase>financement</keyphrase>
        <keyphrase>sommet</keyphrase>
      </keyphrases>
      <keyphrases>
        <keyphrase>qualité de l'enseignement supérieur</keyphrase>
        <keyphrase>québec</keyphrase>
        <keyphrase>sommet sur l'enseignement supérieur</keyphrase>
        <keyphrase>opposition</keyphrase>
        <keyphrase>associations étudiantes</keyphrase>
      </keyphrases>
      <keyphrases>
        <keyphrase>québec</keyphrase>
        <keyphrase>sommet sur l'enseignement supérieur</keyphrase>
        <keyphrase>février 2013</keyphrase>
        <keyphrase>qualité</keyphrase>
        <keyphrase>financement</keyphrase>
        <keyphrase>recherche</keyphrase>
      </keyphrases>
    </keyphrase_sets>
  </file>
  <file>
    <name>45621.html</name>
    <keyphrase_sets>
      <keyphrases>
        <keyphrase>orages</keyphrase>
        <keyphrase>météo</keyphrase>
        <keyphrase>var</keyphrase>
        <keyphrase>corse</keyphrase>
        <keyphrase>vigilance orange</keyphrase>
        <keyphrase>rafales</keyphrase>
      </keyphrases>
      <keyphrases>
        <keyphrase>var</keyphrase>
        <keyphrase>orages</keyphrase>
        <keyphrase>hérault</keyphrase>
        <keyphrase>vigilance orange</keyphrase>
        <keyphrase>corse</keyphrase>
      </keyphrases>
      <keyphrases>
        <keyphrase>violents orages</keyphrase>
        <keyphrase>fortes rafales de vent</keyphrase>
        <keyphrase>france</keyphrase>
        <keyphrase>corse</keyphrase>
        <keyphrase>var</keyphrase>
      </keyphrases>
    </keyphrase_sets>
  </file>
  <file>
    <name>44290.html</name>
    <keyphrase_sets>
      <keyphrases>
        <keyphrase>assaut des forces internationales</keyphrase>
        <keyphrase>attaque</keyphrase>
        <keyphrase>otage</keyphrase>
        <keyphrase>forces de la coalition</keyphrase>
      </keyphrases>
      <keyphrases>
        <keyphrase>kaboul</keyphrase>
        <keyphrase>afghanistan</keyphrase>
        <keyphrase>attaque</keyphrase>
        <keyphrase>touriste</keyphrase>
        <keyphrase>hotel</keyphrase>
        <keyphrase>talibans</keyphrase>
      </keyphrases>
      <keyphrases>
        <keyphrase>talibans</keyphrase>
        <keyphrase>attaque</keyphrase>
        <keyphrase>kaboul</keyphrase>
        <keyphrase>police afghane</keyphrase>
        <keyphrase>forces de la coalition internationale</keyphrase>
      </keyphrases>
    </keyphrase_sets>
  </file>
  <file>
    <name>44570.html</name>
    <keyphrase_sets>
      <keyphrases>
        <keyphrase>résultats</keyphrase>
        <keyphrase>baccalauréat</keyphrase>
      </keyphrases>
      <keyphrases>
        <keyphrase>baccalauréat</keyphrase>
        <keyphrase>taux de réussite</keyphrase>
        <keyphrase>france</keyphrase>
        <keyphrase>résultats des examens</keyphrase>
        <keyphrase>académie</keyphrase>
        <keyphrase>2012</keyphrase>
      </keyphrases>
      <keyphrases>
        <keyphrase>résultats</keyphrase>
        <keyphrase>baccalauréat</keyphrase>
        <keyphrase>2012</keyphrase>
        <keyphrase>verdicts</keyphrase>
      </keyphrases>
    </keyphrase_sets>
  </file>
  <file>
    <name>45498.html</name>
    <keyphrase_sets>
      <keyphrases>
        <keyphrase>nombreux pèlerins</keyphrase>
        <keyphrase>kateri tekakwitha</keyphrase>
        <keyphrase>sainte</keyphrase>
        <keyphrase>reconnue</keyphrase>
      </keyphrases>
      <keyphrases>
        <keyphrase>kateri tekakwitha</keyphrase>
        <keyphrase>le 21 octobre 2012</keyphrase>
        <keyphrase>canonisée</keyphrase>
        <keyphrase>église catholique</keyphrase>
      </keyphrases>
      <keyphrases>
        <keyphrase>kateri tekakwitha</keyphrase>
        <keyphrase>canonisation</keyphrase>
        <keyphrase>première sainte nord-américaine</keyphrase>
        <keyphrase>amérindienne</keyphrase>
      </keyphrases>
    </keyphrase_sets>
  </file>
  <file>
    <name>44533.html</name>
    <keyphrase_sets>
      <keyphrases>
        <keyphrase>déficit public</keyphrase>
        <keyphrase>impôts</keyphrase>
        <keyphrase>7,2 milliards d'euros</keyphrase>
        <keyphrase>france</keyphrase>
        <keyphrase>hausse</keyphrase>
      </keyphrases>
      <keyphrases>
        <keyphrase>pierre mosvovici</keyphrase>
        <keyphrase>impôts</keyphrase>
        <keyphrase>économie</keyphrase>
        <keyphrase>taxe</keyphrase>
        <keyphrase>fiscalité</keyphrase>
        <keyphrase>déficit</keyphrase>
        <keyphrase>augmentation</keyphrase>
        <keyphrase>france</keyphrase>
      </keyphrases>
      <keyphrases>
        <keyphrase>france</keyphrase>
        <keyphrase>impôts</keyphrase>
        <keyphrase>augmentation</keyphrase>
        <keyphrase>2012</keyphrase>
        <keyphrase>7,2 milliards d'euros</keyphrase>
        <keyphrase>entreprises</keyphrase>
      </keyphrases>
    </keyphrase_sets>
  </file>
  <file>
    <name>45712.html</name>
    <keyphrase_sets>
      <keyphrases>
        <keyphrase>cosmétique</keyphrase>
        <keyphrase>croissance</keyphrase>
        <keyphrase>production</keyphrase>
        <keyphrase>construction</keyphrase>
        <keyphrase>clientèle</keyphrase>
        <keyphrase>usine</keyphrase>
        <keyphrase>asie</keyphrase>
      </keyphrases>
      <keyphrases>
        <keyphrase>indonésie</keyphrase>
        <keyphrase>plus grande usine au monde</keyphrase>
        <keyphrase>oréal</keyphrase>
      </keyphrases>
      <keyphrases>
        <keyphrase>indonésie</keyphrase>
        <keyphrase>l'oréal</keyphrase>
        <keyphrase>plus grande usine de production</keyphrase>
        <keyphrase>cosmétique</keyphrase>
      </keyphrases>
    </keyphrase_sets>
  </file>
  <file>
    <name>44999.html</name>
    <keyphrase_sets>
      <keyphrases>
        <keyphrase>filière d'avenir</keyphrase>
        <keyphrase>ministre du redressement productif</keyphrase>
        <keyphrase>étonnement</keyphrase>
        <keyphrase>europe écologie les verts</keyphrase>
        <keyphrase>nucléaire</keyphrase>
      </keyphrases>
      <keyphrases>
        <keyphrase>énergie</keyphrase>
        <keyphrase>production</keyphrase>
        <keyphrase>nucléaire</keyphrase>
      </keyphrases>
      <keyphrases>
        <keyphrase>arnaud montebourg</keyphrase>
        <keyphrase>nucléaire</keyphrase>
        <keyphrase>filière d'avenir</keyphrase>
        <keyphrase>énergie</keyphrase>
      </keyphrases>
    </keyphrase_sets>
  </file>
  <file>
    <name>44586.html</name>
    <keyphrase_sets>
      <keyphrases>
        <keyphrase>mouss diouf</keyphrase>
        <keyphrase>mort</keyphrase>
        <keyphrase>longue maladie</keyphrase>
      </keyphrases>
      <keyphrases>
        <keyphrase>mort</keyphrase>
        <keyphrase>mouss diouf</keyphrase>
        <keyphrase>séquelles physiques importantes</keyphrase>
      </keyphrases>
      <keyphrases>
        <keyphrase>mouss diouf</keyphrase>
        <keyphrase>mort</keyphrase>
        <keyphrase>comédien</keyphrase>
        <keyphrase>accidents vasculaires cérébraux</keyphrase>
      </keyphrases>
    </keyphrase_sets>
  </file>
  <file>
    <name>44145.html</name>
    <keyphrase_sets>
      <keyphrases>
        <keyphrase>avion</keyphrase>
        <keyphrase>nigeria</keyphrase>
        <keyphrase>crash</keyphrase>
        <keyphrase>dana air</keyphrase>
        <keyphrase>mcdonnel douglas md-83</keyphrase>
      </keyphrases>
      <keyphrases>
        <keyphrase>avion</keyphrase>
        <keyphrase>nigeria</keyphrase>
        <keyphrase>lagos</keyphrase>
        <keyphrase>crash</keyphrase>
        <keyphrase>dana air</keyphrase>
      </keyphrases>
      <keyphrases>
        <keyphrase>nigeria</keyphrase>
        <keyphrase>crash</keyphrase>
        <keyphrase>avion</keyphrase>
        <keyphrase>défaillance des deux moteurs</keyphrase>
        <keyphrase>aucun survivants</keyphrase>
      </keyphrases>
    </keyphrase_sets>
  </file>
  <file>
    <name>45626.html</name>
    <keyphrase_sets>
      <keyphrases>
        <keyphrase>michael bloomberg</keyphrase>
        <keyphrase>mitt romney</keyphrase>
        <keyphrase>soutien</keyphrase>
        <keyphrase>présidentielle</keyphrase>
        <keyphrase>vote</keyphrase>
        <keyphrase>élection</keyphrase>
        <keyphrase>obama</keyphrase>
      </keyphrases>
      <keyphrases>
        <keyphrase>maire</keyphrase>
        <keyphrase>michael bloomberg</keyphrase>
        <keyphrase>élection présidentielle</keyphrase>
        <keyphrase>new yort</keyphrase>
        <keyphrase>barack obabma</keyphrase>
      </keyphrases>
      <keyphrases>
        <keyphrase>élection présidentielle américaine</keyphrase>
        <keyphrase>barack obama</keyphrase>
        <keyphrase>soutien du maire de new york</keyphrase>
      </keyphrases>
    </keyphrase_sets>
  </file>
  <file>
    <name>45070.html</name>
    <keyphrase_sets>
      <keyphrases>
        <keyphrase>état</keyphrase>
        <keyphrase>stratégie</keyphrase>
        <keyphrase>candidat</keyphrase>
        <keyphrase>romney</keyphrase>
        <keyphrase>convention démocrate</keyphrase>
        <keyphrase>ohio</keyphrase>
        <keyphrase>obama</keyphrase>
      </keyphrases>
      <keyphrases>
        <keyphrase>convention démocrate</keyphrase>
        <keyphrase>élection</keyphrase>
        <keyphrase>ohio</keyphrase>
        <keyphrase>romney</keyphrase>
        <keyphrase>obama</keyphrase>
      </keyphrases>
      <keyphrases>
        <keyphrase>2012</keyphrase>
        <keyphrase>élection présidentielle américaine</keyphrase>
        <keyphrase>barack obama</keyphrase>
        <keyphrase>dénonce</keyphrase>
        <keyphrase>mitt romney</keyphrase>
        <keyphrase>ohio</keyphrase>
      </keyphrases>
    </keyphrase_sets>
  </file>
  <file>
    <name>45764.html</name>
    <keyphrase_sets>
      <keyphrases>
        <keyphrase>reproduction de l'information</keyphrase>
        <keyphrase>dysfonctionnements de l'encyclopédie en ligne</keyphrase>
        <keyphrase>encyclopédies grand public</keyphrase>
        <keyphrase>reportage sur wikipédia</keyphrase>
      </keyphrases>
      <keyphrases>
        <keyphrase>information</keyphrase>
        <keyphrase>wikipedia</keyphrase>
        <keyphrase>neutralite</keyphrase>
        <keyphrase>france</keyphrase>
        <keyphrase>envoye special</keyphrase>
        <keyphrase>scandale</keyphrase>
      </keyphrases>
      <keyphrases>
        <keyphrase>envoyé spécial</keyphrase>
        <keyphrase>reportage</keyphrase>
        <keyphrase>wikipedia</keyphrase>
        <keyphrase>dysfonctionnements de l'encyclopédie</keyphrase>
        <keyphrase>actes de vandalisme</keyphrase>
      </keyphrases>
    </keyphrase_sets>
  </file>
  <file>
    <name>45750.html</name>
    <keyphrase_sets>
      <keyphrases>
        <keyphrase>europe</keyphrase>
        <keyphrase>usure</keyphrase>
        <keyphrase>visage</keyphrase>
        <keyphrase>billet</keyphrase>
        <keyphrase>mythologie grecque</keyphrase>
        <keyphrase>euro</keyphrase>
      </keyphrases>
      <keyphrases>
        <keyphrase>usure</keyphrase>
        <keyphrase>circulation</keyphrase>
        <keyphrase>introduction</keyphrase>
        <keyphrase>série</keyphrase>
        <keyphrase>billets</keyphrase>
        <keyphrase>retirés</keyphrase>
        <keyphrase>ue</keyphrase>
        <keyphrase>sécurité</keyphrase>
      </keyphrases>
      <keyphrases>
        <keyphrase>euro</keyphrase>
        <keyphrase>billets</keyphrase>
        <keyphrase>nouvelle version</keyphrase>
        <keyphrase>2013</keyphrase>
        <keyphrase>europe</keyphrase>
      </keyphrases>
    </keyphrase_sets>
  </file>
  <file>
    <name>44388.html</name>
    <keyphrase_sets>
      <keyphrases>
        <keyphrase>artéfacts archéologiques</keyphrase>
        <keyphrase>civilisation étrusque</keyphrase>
        <keyphrase>Québec</keyphrase>
        <keyphrase>maison-des-marins</keyphrase>
        <keyphrase>musée</keyphrase>
        <keyphrase>Pointe-à-Callière</keyphrase>
      </keyphrases>
      <keyphrases>
        <keyphrase>pavillon</keyphrase>
        <keyphrase>toscane</keyphrase>
        <keyphrase>archéologique</keyphrase>
        <keyphrase>artéfact</keyphrase>
        <keyphrase>poterie</keyphrase>
        <keyphrase>musée</keyphrase>
        <keyphrase>exposition</keyphrase>
        <keyphrase>civilisation étrusque</keyphrase>
      </keyphrases>
      <keyphrases>
        <keyphrase>civilisation étrusque</keyphrase>
        <keyphrase>musée de Pointe-à-Callière de Montréal</keyphrase>
        <keyphrase>exposition</keyphrase>
        <keyphrase>nouveau pavillon</keyphrase>
      </keyphrases>
    </keyphrase_sets>
  </file>
  <file>
    <name>44504.html</name>
    <keyphrase_sets>
      <keyphrases>
        <keyphrase>québec</keyphrase>
        <keyphrase>titanic</keyphrase>
        <keyphrase>empress of ireland</keyphrase>
        <keyphrase>spectacle</keyphrase>
      </keyphrases>
      <keyphrases>
        <keyphrase>spectacle multimédia</keyphrase>
        <keyphrase>saison touristique</keyphrase>
        <keyphrase>titanic</keyphrase>
        <keyphrase>empress of ireland</keyphrase>
      </keyphrases>
      <keyphrases>
        <keyphrase>Site historique maritime de la Pointe-au-Père</keyphrase>
        <keyphrase>spectacle multimédia</keyphrase>
        <keyphrase>naufrages</keyphrase>
        <keyphrase>titanic</keyphrase>
        <keyphrase>empress of ireland</keyphrase>
      </keyphrases>
    </keyphrase_sets>
  </file>
  <file>
    <name>45736.html</name>
    <keyphrase_sets>
      <keyphrases>
        <keyphrase>pont mathilde</keyphrase>
        <keyphrase>perturbations sur les lignes téléphoniques</keyphrase>
        <keyphrase>incendie</keyphrase>
        <keyphrase>rouen</keyphrase>
        <keyphrase>camion</keyphrase>
      </keyphrases>
      <keyphrases>
        <keyphrase>pont mathilde</keyphrase>
        <keyphrase>incendie de grande ampleur</keyphrase>
        <keyphrase>accident d'un camion d'hydrocarbures</keyphrase>
      </keyphrases>
      <keyphrases>
        <keyphrase>rouen</keyphrase>
        <keyphrase>pont mathilde</keyphrase>
        <keyphrase>incendie</keyphrase>
        <keyphrase>grande ampleur</keyphrase>
        <keyphrase>accident</keyphrase>
        <keyphrase>camion d'hydrocarbures</keyphrase>
      </keyphrases>
    </keyphrase_sets>
  </file>
  <file>
    <name>44636.html</name>
    <keyphrase_sets>
      <keyphrases>
        <keyphrase>sénat</keyphrase>
        <keyphrase>projet de loi</keyphrase>
        <keyphrase>harcèlement sexuel</keyphrase>
      </keyphrases>
      <keyphrases>
        <keyphrase>sénat</keyphrase>
        <keyphrase>projet de loi</keyphrase>
        <keyphrase>sanction</keyphrase>
        <keyphrase>harcèlement sexuel</keyphrase>
        <keyphrase>france</keyphrase>
      </keyphrases>
      <keyphrases>
        <keyphrase>nouveau projet de loi</keyphrase>
        <keyphrase>harcèlement sexuel</keyphrase>
        <keyphrase>sénat</keyphrase>
      </keyphrases>
    </keyphrase_sets>
  </file>
  <file>
    <name>44555.html</name>
    <keyphrase_sets>
      <keyphrases>
        <keyphrase>postes</keyphrase>
        <keyphrase>emplois menacés</keyphrase>
        <keyphrase>salariés</keyphrase>
        <keyphrase>cgt</keyphrase>
        <keyphrase>suppression</keyphrase>
      </keyphrases>
      <keyphrases>
        <keyphrase>emplois</keyphrase>
        <keyphrase>suppression</keyphrase>
        <keyphrase>cgt</keyphrase>
        <keyphrase>chômage</keyphrase>
      </keyphrases>
      <keyphrases>
        <keyphrase>cgt</keyphrase>
        <keyphrase>emplois menacés</keyphrase>
        <keyphrase>75 000</keyphrase>
        <keyphrase>suppression de postes</keyphrase>
      </keyphrases>
    </keyphrase_sets>
  </file>
  <file>
    <name>44489.html</name>
    <keyphrase_sets>
      <keyphrases>
        <keyphrase>réduction d'effectifs</keyphrase>
        <keyphrase>dispositif de retraite anticipée</keyphrase>
        <keyphrase>hewlett-packard</keyphrase>
      </keyphrases>
      <keyphrases>
        <keyphrase>suppressions</keyphrase>
        <keyphrase>hewlett-packard</keyphrase>
        <keyphrase>reduction d'effectifs</keyphrase>
        <keyphrase>france</keyphrase>
      </keyphrases>
      <keyphrases>
        <keyphrase>hewlett-packard</keyphrase>
        <keyphrase>réduction d'effectifs</keyphrase>
        <keyphrase>suppressions</keyphrase>
        <keyphrase>520 postes</keyphrase>
        <keyphrase>2014</keyphrase>
      </keyphrases>
    </keyphrase_sets>
  </file>
  <file>
    <name>45037.html</name>
    <keyphrase_sets>
      <keyphrases>
        <keyphrase>accident nucléaire</keyphrase>
        <keyphrase>génétique</keyphrase>
        <keyphrase>modification environnementale</keyphrase>
        <keyphrase>centrale nucléaire</keyphrase>
        <keyphrase>fukushima</keyphrase>
        <keyphrase>papillon mutant</keyphrase>
      </keyphrases>
      <keyphrases>
        <keyphrase>accident</keyphrase>
        <keyphrase>génétique</keyphrase>
        <keyphrase>transmission</keyphrase>
        <keyphrase>mutations</keyphrase>
        <keyphrase>nucléaire</keyphrase>
        <keyphrase>fukushima</keyphrase>
        <keyphrase>papillons</keyphrase>
        <keyphrase>pollution</keyphrase>
      </keyphrases>
      <keyphrases>
        <keyphrase>fukushima</keyphrase>
        <keyphrase>centrale nucléaire</keyphrase>
        <keyphrase>accident</keyphrase>
        <keyphrase>pollution</keyphrase>
        <keyphrase>conséquences</keyphrase>
        <keyphrase>écosystème</keyphrase>
        <keyphrase>radiations</keyphrase>
        <keyphrase>mutations</keyphrase>
        <keyphrase>papillons</keyphrase>
      </keyphrases>
    </keyphrase_sets>
  </file>
  <file>
    <name>44373.html</name>
    <keyphrase_sets>
      <keyphrases>
        <keyphrase>banques espagnoles</keyphrase>
        <keyphrase>crans</keyphrase>
        <keyphrase>abaissement de la note</keyphrase>
        <keyphrase>moody's</keyphrase>
      </keyphrases>
      <keyphrases>
        <keyphrase>espagne</keyphrase>
        <keyphrase>moody's</keyphrase>
        <keyphrase>note</keyphrase>
        <keyphrase>banques espagnoles</keyphrase>
        <keyphrase>abaissement</keyphrase>
        <keyphrase>cran</keyphrase>
      </keyphrases>
      <keyphrases>
        <keyphrase>agence moody's</keyphrase>
        <keyphrase>banques espagnoles</keyphrase>
        <keyphrase>abaissement de la note</keyphrase>
      </keyphrases>
    </keyphrase_sets>
  </file>
  <file>
    <name>45513.html</name>
    <keyphrase_sets>
      <keyphrases>
        <keyphrase>informatique</keyphrase>
        <keyphrase>nouvelle version</keyphrase>
        <keyphrase>quantal quetzal</keyphrase>
        <keyphrase>ubuntu,système d'exploitation</keyphrase>
        <keyphrase>libre</keyphrase>
      </keyphrases>
      <keyphrases>
        <keyphrase>25 millions d'utilisateurs</keyphrase>
        <keyphrase>nouvelle version</keyphrase>
        <keyphrase>quantal quetzal</keyphrase>
        <keyphrase>ubuntu</keyphrase>
      </keyphrases>
      <keyphrases>
        <keyphrase>ubuntu</keyphrase>
        <keyphrase>système d'exploitation libre</keyphrase>
        <keyphrase>quantal quetzal</keyphrase>
        <keyphrase>nouvelle version</keyphrase>
      </keyphrases>
    </keyphrase_sets>
  </file>
  <file>
    <name>44672.html</name>
    <keyphrase_sets>
      <keyphrases>
        <keyphrase>rebelles de homs</keyphrase>
        <keyphrase>victime</keyphrase>
        <keyphrase>gilles jacquier</keyphrase>
      </keyphrases>
      <keyphrases>
        <keyphrase>tué</keyphrase>
        <keyphrase>homs</keyphrase>
        <keyphrase>tir d'obus</keyphrase>
        <keyphrase>journaliste de france 2</keyphrase>
      </keyphrases>
      <keyphrases>
        <keyphrase>gilles jacquier</keyphrase>
        <keyphrase>tué</keyphrase>
        <keyphrase>bavure</keyphrase>
        <keyphrase>rebelles syriens</keyphrase>
      </keyphrases>
    </keyphrase_sets>
  </file>
  <file>
    <name>44940.html</name>
    <keyphrase_sets>
      <keyphrases>
        <keyphrase>équateur</keyphrase>
        <keyphrase>wikileaks</keyphrase>
        <keyphrase>symbole de la liberté d'expression</keyphrase>
        <keyphrase>julian assange</keyphrase>
        <keyphrase>asile politique</keyphrase>
      </keyphrases>
      <keyphrases>
        <keyphrase>asile politique</keyphrase>
        <keyphrase>wikileaks</keyphrase>
        <keyphrase>président de la république équatorienne</keyphrase>
      </keyphrases>
      <keyphrases>
        <keyphrase>wikileaks</keyphrase>
        <keyphrase>julian assange</keyphrase>
        <keyphrase>équateur</keyphrase>
        <keyphrase>asile politique</keyphrase>
      </keyphrases>
    </keyphrase_sets>
  </file>
  <file>
    <name>44655.html</name>
    <keyphrase_sets>
      <keyphrases>
        <keyphrase>zone euro</keyphrase>
        <keyphrase>dette</keyphrase>
        <keyphrase>moody's</keyphrase>
        <keyphrase>italie</keyphrase>
        <keyphrase>marchés financiers</keyphrase>
        <keyphrase>risque</keyphrase>
        <keyphrase>grèce</keyphrase>
      </keyphrases>
      <keyphrases>
        <keyphrase>zone euro</keyphrase>
        <keyphrase>note</keyphrase>
        <keyphrase>finance</keyphrase>
        <keyphrase>moody's</keyphrase>
        <keyphrase>italie</keyphrase>
        <keyphrase>baisse</keyphrase>
        <keyphrase>cran</keyphrase>
      </keyphrases>
      <keyphrases>
        <keyphrase>italie</keyphrase>
        <keyphrase>moody's</keyphrase>
        <keyphrase>note financière</keyphrase>
        <keyphrase>baisse</keyphrase>
        <keyphrase>zone euro</keyphrase>
        <keyphrase>crise</keyphrase>
        <keyphrase>grèce</keyphrase>
        <keyphrase>espagne</keyphrase>
      </keyphrases>
    </keyphrase_sets>
  </file>
  <file>
    <name>44772.html</name>
    <keyphrase_sets>
      <keyphrases>
        <keyphrase>espagne</keyphrase>
        <keyphrase>avortement</keyphrase>
        <keyphrase>malformation</keyphrase>
        <keyphrase>interdiction</keyphrase>
        <keyphrase>droits des femmes</keyphrase>
      </keyphrases>
      <keyphrases>
        <keyphrase>fœtus</keyphrase>
        <keyphrase>malformations</keyphrase>
        <keyphrase>espagne</keyphrase>
        <keyphrase>interdire</keyphrase>
        <keyphrase>avortement</keyphrase>
        <keyphrase>droit</keyphrase>
        <keyphrase>franquisme</keyphrase>
        <keyphrase>polémique</keyphrase>
      </keyphrases>
      <keyphrases>
        <keyphrase>interdire l'avortement</keyphrase>
        <keyphrase>malformations du fœtus</keyphrase>
        <keyphrase>polémique</keyphrase>
        <keyphrase>alberto ruiz-gallardón</keyphrase>
        <keyphrase>collectif de défense des femmes</keyphrase>
        <keyphrase>espagne</keyphrase>
      </keyphrases>
    </keyphrase_sets>
  </file>
  <file>
    <name>44292.html</name>
    <keyphrase_sets>
      <keyphrases>
        <keyphrase>nintendo direct</keyphrase>
        <keyphrase>japon</keyphrase>
        <keyphrase>nintendo</keyphrase>
        <keyphrase>high-tech</keyphrase>
        <keyphrase>3ds xl</keyphrase>
      </keyphrases>
      <keyphrases>
        <keyphrase>console</keyphrase>
        <keyphrase>jeux</keyphrase>
        <keyphrase>japon</keyphrase>
        <keyphrase>nintendo</keyphrase>
        <keyphrase>high-tech</keyphrase>
        <keyphrase>annonce</keyphrase>
        <keyphrase>3ds xl</keyphrase>
      </keyphrases>
      <keyphrases>
        <keyphrase>nintendo</keyphrase>
        <keyphrase>3ds xl</keyphrase>
        <keyphrase>console</keyphrase>
        <keyphrase>grand format</keyphrase>
      </keyphrases>
    </keyphrase_sets>
  </file>
  <file>
    <name>44652.html</name>
    <keyphrase_sets>
      <keyphrases>
        <keyphrase>alpes</keyphrase>
        <keyphrase>expédition</keyphrase>
        <keyphrase>recherche</keyphrase>
        <keyphrase>accident</keyphrase>
        <keyphrase>mort</keyphrase>
        <keyphrase>hélicoptères</keyphrase>
        <keyphrase>avalanche</keyphrase>
        <keyphrase>meurtrière</keyphrase>
        <keyphrase>mont maudit</keyphrase>
        <keyphrase>chamonix</keyphrase>
      </keyphrases>
      <keyphrases>
        <keyphrase>mort</keyphrase>
        <keyphrase>neuf personnes</keyphrase>
        <keyphrase>alpes françaises</keyphrase>
        <keyphrase>mont maudit</keyphrase>
      </keyphrases>
      <keyphrases>
        <keyphrase>avalanche</keyphrase>
        <keyphrase>alpes françaises</keyphrase>
        <keyphrase>mort</keyphrase>
        <keyphrase>neuf personnes</keyphrase>
        <keyphrase>mont maudit</keyphrase>
      </keyphrases>
    </keyphrase_sets>
  </file>
  <file>
    <name>44540.html</name>
    <keyphrase_sets>
      <keyphrases>
        <keyphrase>cedeao</keyphrase>
        <keyphrase>libération</keyphrase>
        <keyphrase>nord du pays</keyphrase>
        <keyphrase>mali</keyphrase>
        <keyphrase>gouvernement</keyphrase>
        <keyphrase>manifestation</keyphrase>
        <keyphrase>citoyens</keyphrase>
        <keyphrase>armée</keyphrase>
        <keyphrase>islamistes</keyphrase>
      </keyphrases>
      <keyphrases>
        <keyphrase>impuissance</keyphrase>
        <keyphrase>gouvernement</keyphrase>
        <keyphrase>exactions des groupes armés</keyphrase>
        <keyphrase>citoyens</keyphrase>
        <keyphrase>libération</keyphrase>
        <keyphrase>mali</keyphrase>
      </keyphrases>
      <keyphrases>
        <keyphrase>mali</keyphrase>
        <keyphrase>nord du pays</keyphrase>
        <keyphrase>libération</keyphrase>
        <keyphrase>islamistes</keyphrase>
        <keyphrase>citoyens</keyphrase>
        <keyphrase>actions concrètes</keyphrase>
        <keyphrase>gouvernement</keyphrase>
      </keyphrases>
    </keyphrase_sets>
  </file>
  <file>
    <name>44507.html</name>
    <keyphrase_sets>
      <keyphrases>
        <keyphrase>conférence</keyphrase>
        <keyphrase>multi-linguisme</keyphrase>
        <keyphrase>français</keyphrase>
        <keyphrase>avenir linguistique anglais</keyphrase>
        <keyphrase>cameroun</keyphrase>
      </keyphrases>
      <keyphrases>
        <keyphrase>avenir</keyphrase>
        <keyphrase>diversité linguistique</keyphrase>
        <keyphrase>forum mondial de la langue française</keyphrase>
      </keyphrases>
      <keyphrases>
        <keyphrase>québec</keyphrase>
        <keyphrase>cameroun</keyphrase>
        <keyphrase>camfranglais</keyphrase>
        <keyphrase>francophonie</keyphrase>
        <keyphrase>langues</keyphrase>
      </keyphrases>
      <keyphrases>
        <keyphrase>forum mondial de la langue française</keyphrase>
        <keyphrase>conférences</keyphrase>
        <keyphrase>camfranglais</keyphrase>
      </keyphrases>
    </keyphrase_sets>
  </file>
  <file>
    <name>45468.html</name>
    <keyphrase_sets>
      <keyphrases>
        <keyphrase>découverte</keyphrase>
        <keyphrase>système stellaire quadruple</keyphrase>
        <keyphrase>exoplanète</keyphrase>
        <keyphrase>télescope spatial kepler</keyphrase>
      </keyphrases>
      <keyphrases>
        <keyphrase>planète</keyphrase>
        <keyphrase>exoplanète</keyphrase>
        <keyphrase>diamants</keyphrase>
      </keyphrases>
      <keyphrases>
        <keyphrase>découverte</keyphrase>
        <keyphrase>exoplanète</keyphrase>
        <keyphrase>système à quatre étoiles</keyphrase>
        <keyphrase>ph1</keyphrase>
      </keyphrases>
    </keyphrase_sets>
  </file>
  <file>
    <name>44963.html</name>
    <keyphrase_sets>
      <keyphrases>
        <keyphrase>ministère de l'information</keyphrase>
        <keyphrase>libération</keyphrase>
        <keyphrase>censure</keyphrase>
        <keyphrase>abolition</keyphrase>
        <keyphrase>birmanie</keyphrase>
      </keyphrases>
      <keyphrases>
        <keyphrase>officiellement</keyphrase>
        <keyphrase>aung san suu kyi</keyphrase>
        <keyphrase>abolition de la censure</keyphrase>
        <keyphrase>nouveau régime</keyphrase>
        <keyphrase>birmanie</keyphrase>
      </keyphrases>
      <keyphrases>
        <keyphrase>birmanie</keyphrase>
        <keyphrase>abolition de la censure</keyphrase>
        <keyphrase>liberté de la presse</keyphrase>
        <keyphrase>aung san suu kyi</keyphrase>
      </keyphrases>
    </keyphrase_sets>
  </file>
  <file>
    <name>44618.html</name>
    <keyphrase_sets>
      <keyphrases>
        <keyphrase>loi</keyphrase>
        <keyphrase>amendement</keyphrase>
        <keyphrase>russe</keyphrase>
        <keyphrase>wikipédia</keyphrase>
        <keyphrase>page</keyphrase>
        <keyphrase>liste noire</keyphrase>
      </keyphrases>
      <keyphrases>
        <keyphrase>wikipédia</keyphrase>
        <keyphrase>projet de loi</keyphrase>
        <keyphrase>liste noire</keyphrase>
        <keyphrase>russe</keyphrase>
      </keyphrases>
      <keyphrases>
        <keyphrase>wikipédia en russe</keyphrase>
        <keyphrase>projet de loi</keyphrase>
        <keyphrase>protestation</keyphrase>
        <keyphrase>liste noire</keyphrase>
        <keyphrase>pages web</keyphrase>
      </keyphrases>
    </keyphrase_sets>
  </file>
  <file>
    <name>44502.html</name>
    <keyphrase_sets>
      <keyphrases>
        <keyphrase>particule</keyphrase>
        <keyphrase>modèle</keyphrase>
        <keyphrase>physiciens</keyphrase>
        <keyphrase>proton</keyphrase>
        <keyphrase>cern</keyphrase>
        <keyphrase>boson de higgs</keyphrase>
      </keyphrases>
      <keyphrases>
        <keyphrase>cern</keyphrase>
        <keyphrase>particule</keyphrase>
        <keyphrase>traque</keyphrase>
        <keyphrase>boson de higgs</keyphrase>
        <keyphrase>collision</keyphrase>
      </keyphrases>
      <keyphrases>
        <keyphrase>boson de higgs</keyphrase>
        <keyphrase>cern</keyphrase>
        <keyphrase>particule</keyphrase>
        <keyphrase>traque</keyphrase>
        <keyphrase>physiciens</keyphrase>
        <keyphrase>collisionneur de particules</keyphrase>
      </keyphrases>
    </keyphrase_sets>
  </file>
  <file>
    <name>44321.html</name>
    <keyphrase_sets>
      <keyphrases>
        <keyphrase>portugal</keyphrase>
        <keyphrase>couleur</keyphrase>
        <keyphrase>alphabet</keyphrase>
        <keyphrase>coloradd</keyphrase>
        <keyphrase>formes universelles</keyphrase>
        <keyphrase>daltoniens</keyphrase>
      </keyphrases>
      <keyphrases>
        <keyphrase>portugal</keyphrase>
        <keyphrase>alphabet</keyphrase>
        <keyphrase>coloradd</keyphrase>
        <keyphrase>couleur</keyphrase>
        <keyphrase>daltoniens</keyphrase>
        <keyphrase>accessibilité</keyphrase>
      </keyphrases>
      <keyphrases>
        <keyphrase>portugal</keyphrase>
        <keyphrase>daltoniens</keyphrase>
        <keyphrase>code Coloradd</keyphrase>
        <keyphrase>accessibilité des couleurs</keyphrase>
        <keyphrase>miguel neiva</keyphrase>
      </keyphrases>
    </keyphrase_sets>
  </file>
  <file>
    <name>44939.html</name>
    <keyphrase_sets>
      <keyphrases>
        <keyphrase>territoire allemand</keyphrase>
        <keyphrase>jurisprudence</keyphrase>
        <keyphrase>intervention</keyphrase>
      </keyphrases>
      <keyphrases>
        <keyphrase>allemagne</keyphrase>
        <keyphrase>autorisation</keyphrase>
        <keyphrase>terrorisme</keyphrase>
        <keyphrase>cour constitutionnelle</keyphrase>
        <keyphrase>armée</keyphrase>
      </keyphrases>
      <keyphrases>
        <keyphrase>allemagne</keyphrase>
        <keyphrase>cour constitutionnelle</keyphrase>
        <keyphrase>armée</keyphrase>
        <keyphrase>contribution</keyphrase>
        <keyphrase>contre le terrorisme</keyphrase>
      </keyphrases>
    </keyphrase_sets>
  </file>
  <file>
    <name>44585.html</name>
    <keyphrase_sets>
      <keyphrases>
        <keyphrase>électoral</keyphrase>
        <keyphrase>libye</keyphrase>
        <keyphrase>urnes</keyphrase>
        <keyphrase>bureaux de vote</keyphrase>
      </keyphrases>
      <keyphrases>
        <keyphrase>militants</keyphrase>
        <keyphrase>libye</keyphrase>
        <keyphrase>incidents</keyphrase>
        <keyphrase>assemblée nationale</keyphrase>
        <keyphrase>bureaux de vote</keyphrase>
      </keyphrases>
      <keyphrases>
        <keyphrase>bureaux de vote</keyphrase>
        <keyphrase>libye</keyphrase>
        <keyphrase>incidents</keyphrase>
        <keyphrase>blocages</keyphrase>
        <keyphrase>vols</keyphrase>
      </keyphrases>
    </keyphrase_sets>
  </file>
  <file>
    <name>45364.html</name>
    <keyphrase_sets>
      <keyphrases>
        <keyphrase>glonass</keyphrase>
        <keyphrase>lancement</keyphrase>
        <keyphrase>galileo</keyphrase>
        <keyphrase>spatial</keyphrase>
        <keyphrase>satellites</keyphrase>
        <keyphrase>gps</keyphrase>
      </keyphrases>
      <keyphrases>
        <keyphrase>satellite</keyphrase>
        <keyphrase>lancement</keyphrase>
        <keyphrase>états-unis</keyphrase>
        <keyphrase>galileo</keyphrase>
        <keyphrase>russie</keyphrase>
        <keyphrase>union européenne</keyphrase>
      </keyphrases>
      <keyphrases>
        <keyphrase>union européenne</keyphrase>
        <keyphrase>lancement</keyphrase>
        <keyphrase>galileo</keyphrase>
        <keyphrase>gps</keyphrase>
        <keyphrase>satellites</keyphrase>
        <keyphrase></keyphrase>
      </keyphrases>
    </keyphrase_sets>
  </file>
  <file>
    <name>44485.html</name>
    <keyphrase_sets>
      <keyphrases>
        <keyphrase>destructions</keyphrase>
        <keyphrase>mausolée</keyphrase>
        <keyphrase>crime de guerre</keyphrase>
        <keyphrase>tombouctou</keyphrase>
        <keyphrase>mosquée</keyphrase>
        <keyphrase>mali</keyphrase>
        <keyphrase>islamistes</keyphrase>
      </keyphrases>
      <keyphrases>
        <keyphrase>crime de guerre</keyphrase>
        <keyphrase>destructions</keyphrase>
        <keyphrase>tombouctou</keyphrase>
        <keyphrase>islamistes</keyphrase>
        <keyphrase>biens religieux</keyphrase>
        <keyphrase>mali</keyphrase>
      </keyphrases>
      <keyphrases>
        <keyphrase>tombouctou</keyphrase>
        <keyphrase>destructions</keyphrase>
        <keyphrase>islamistes</keyphrase>
        <keyphrase>porte</keyphrase>
        <keyphrase>mosquée Sidi Yeyia</keyphrase>
        <keyphrase>Ansar Eddine</keyphrase>
        <keyphrase>mali</keyphrase>
        <keyphrase>crime de guerre</keyphrase>
      </keyphrases>
    </keyphrase_sets>
  </file>
  <file>
    <name>45614.html</name>
    <keyphrase_sets>
      <keyphrases>
        <keyphrase>etats-unis</keyphrase>
        <keyphrase>secours</keyphrase>
        <keyphrase>degat</keyphrase>
        <keyphrase>victime</keyphrase>
        <keyphrase>inondation</keyphrase>
        <keyphrase>ouragan</keyphrase>
        <keyphrase>sandy</keyphrase>
      </keyphrases>
      <keyphrases>
        <keyphrase>morts</keyphrase>
        <keyphrase>bilan</keyphrase>
        <keyphrase>secours</keyphrase>
        <keyphrase>inondations</keyphrase>
        <keyphrase>ouragan</keyphrase>
        <keyphrase>dégâts</keyphrase>
        <keyphrase>sandy</keyphrase>
      </keyphrases>
      <keyphrases>
        <keyphrase>ouragan sandy</keyphrase>
        <keyphrase>états-unis</keyphrase>
        <keyphrase>39 morts</keyphrase>
        <keyphrase>inondations</keyphrase>
        <keyphrase>importants dégâts</keyphrase>
      </keyphrases>
    </keyphrase_sets>
  </file>
  <file>
    <name>45644.html</name>
    <keyphrase_sets>
      <keyphrases>
        <keyphrase>syrien</keyphrase>
        <keyphrase>rebelles</keyphrase>
        <keyphrase>alep</keyphrase>
        <keyphrase>droits de l'homme</keyphrase>
        <keyphrase>exécution</keyphrase>
        <keyphrase>prise</keyphrase>
      </keyphrases>
      <keyphrases>
        <keyphrase>rebelles</keyphrase>
        <keyphrase>gouvernement</keyphrase>
        <keyphrase>saraqeb</keyphrase>
        <keyphrase>exécution</keyphrase>
        <keyphrase>prise</keyphrase>
        <keyphrase>syrie</keyphrase>
      </keyphrases>
      <keyphrases>
        <keyphrase>armée syrienne</keyphrase>
        <keyphrase>exécution des soldats</keyphrase>
        <keyphrase>rebelles</keyphrase>
        <keyphrase>crimes contre l’humanité</keyphrase>
      </keyphrases>
    </keyphrase_sets>
  </file>
  <file>
    <name>44313.html</name>
    <keyphrase_sets>
      <keyphrases>
        <keyphrase>découvrir</keyphrase>
        <keyphrase>france</keyphrase>
        <keyphrase>journées de l'archéologie</keyphrase>
      </keyphrases>
      <keyphrases>
        <keyphrase>lancement</keyphrase>
        <keyphrase>journées de l'archéologie</keyphrase>
        <keyphrase>france</keyphrase>
      </keyphrases>
      <keyphrases>
        <keyphrase>journées de l'archéologie</keyphrase>
        <keyphrase>France</keyphrase>
        <keyphrase>découvrir l'archéologie</keyphrase>
      </keyphrases>
    </keyphrase_sets>
  </file>
  <file>
    <name>44551.html</name>
    <keyphrase_sets>
      <keyphrases>
        <keyphrase>agression antisémite</keyphrase>
        <keyphrase>lyon</keyphrase>
        <keyphrase>lycéen</keyphrase>
        <keyphrase>communauté juive de toulouse</keyphrase>
      </keyphrases>
      <keyphrases>
        <keyphrase>antisémitisme</keyphrase>
        <keyphrase>agression</keyphrase>
        <keyphrase>actes d'une extrême violence</keyphrase>
      </keyphrases>
      <keyphrases>
        <keyphrase>lycéen</keyphrase>
        <keyphrase>agression</keyphrase>
        <keyphrase>antisémitisme</keyphrase>
        <keyphrase>train</keyphrase>
        <keyphrase>toulouse</keyphrase>
        <keyphrase>lyon</keyphrase>
      </keyphrases>
    </keyphrase_sets>
  </file>
  <file>
    <name>44860.html</name>
    <keyphrase_sets>
      <keyphrases>
        <keyphrase>défilés</keyphrase>
        <keyphrase>festival interceltique de lorient</keyphrase>
        <keyphrase>animations</keyphrase>
      </keyphrases>
      <keyphrases>
        <keyphrase>festival interceltique de lorient</keyphrase>
        <keyphrase>acadie</keyphrase>
        <keyphrase>défilé</keyphrase>
        <keyphrase>grande parade des nations celtes</keyphrase>
        <keyphrase>france</keyphrase>
      </keyphrases>
      <keyphrases>
        <keyphrase>42e festival interceltique de lorient</keyphrase>
        <keyphrase>acadie</keyphrase>
        <keyphrase>grande parade des nations</keyphrase>
      </keyphrases>
    </keyphrase_sets>
  </file>
  <file>
    <name>44959.html</name>
    <keyphrase_sets>
      <keyphrases>
        <keyphrase>forte temperature</keyphrase>
        <keyphrase>caniculaire</keyphrase>
        <keyphrase>record</keyphrase>
        <keyphrase>meteo</keyphrase>
        <keyphrase>france</keyphrase>
        <keyphrase>vigilance orange</keyphrase>
      </keyphrases>
      <keyphrases>
        <keyphrase>âgées</keyphrase>
        <keyphrase>température</keyphrase>
        <keyphrase>boire</keyphrase>
        <keyphrase>rafraîchir</keyphrase>
        <keyphrase>record</keyphrase>
        <keyphrase>canicule</keyphrase>
        <keyphrase>chaleur</keyphrase>
        <keyphrase>orange</keyphrase>
        <keyphrase>vigilance</keyphrase>
        <keyphrase>enfants</keyphrase>
      </keyphrases>
      <keyphrases>
        <keyphrase>france</keyphrase>
        <keyphrase>fortes températures</keyphrase>
        <keyphrase>août 2012</keyphrase>
      </keyphrases>
    </keyphrase_sets>
  </file>
  <file>
    <name>44522.html</name>
    <keyphrase_sets>
      <keyphrases>
        <keyphrase>niveau de vie</keyphrase>
        <keyphrase>crise financière</keyphrase>
      </keyphrases>
      <keyphrases>
        <keyphrase>pauvres</keyphrase>
        <keyphrase>crise financière</keyphrase>
        <keyphrase>france</keyphrase>
      </keyphrases>
      <keyphrases>
        <keyphrase>crise financière</keyphrase>
        <keyphrase>plus pauvres</keyphrase>
        <keyphrase>plus riches</keyphrase>
        <keyphrase>niveau de vie</keyphrase>
        <keyphrase>france</keyphrase>
      </keyphrases>
    </keyphrase_sets>
  </file>
  <file>
    <name>44536.html</name>
    <keyphrase_sets>
      <keyphrases>
        <keyphrase>forum mondial de la langue française</keyphrase>
        <keyphrase>artistes</keyphrase>
        <keyphrase>jeux</keyphrase>
        <keyphrase>québec</keyphrase>
        <keyphrase>francophonie</keyphrase>
        <keyphrase>français</keyphrase>
      </keyphrases>
      <keyphrases>
        <keyphrase>québec</keyphrase>
        <keyphrase>conférence</keyphrase>
        <keyphrase>français</keyphrase>
        <keyphrase>diversité linguistique</keyphrase>
        <keyphrase>forum mondial de la langue française</keyphrase>
      </keyphrases>
      <keyphrases>
        <keyphrase>forum mondial de la langue française</keyphrase>
        <keyphrase>québec</keyphrase>
        <keyphrase>orchestre de la francophonie</keyphrase>
        <keyphrase>jeux</keyphrase>
      </keyphrases>
    </keyphrase_sets>
  </file>
  <file>
    <name>44389.html</name>
    <keyphrase_sets>
      <keyphrases>
        <keyphrase>guyane</keyphrase>
        <keyphrase>deux militaires tués</keyphrase>
        <keyphrase>intervention</keyphrase>
        <keyphrase>gendarmes</keyphrase>
        <keyphrase>blessés</keyphrase>
        <keyphrase>orpaillage clandestin</keyphrase>
      </keyphrases>
      <keyphrases>
        <keyphrase>guyane</keyphrase>
        <keyphrase>deux militaires tués</keyphrase>
        <keyphrase>gendarmes</keyphrase>
        <keyphrase>orpaillage clandestin</keyphrase>
      </keyphrases>
      <keyphrases>
        <keyphrase>guyane</keyphrase>
        <keyphrase>deux militaires tués</keyphrase>
        <keyphrase>orpaillage clandestin</keyphrase>
        <keyphrase>opération harpie</keyphrase>
      </keyphrases>
    </keyphrase_sets>
  </file>
  <file>
    <name>45346.html</name>
    <keyphrase_sets>
      <keyphrases>
        <keyphrase>exposition</keyphrase>
        <keyphrase>œuvres</keyphrase>
        <keyphrase>musée des beaux-arts de montréal</keyphrase>
      </keyphrases>
      <keyphrases>
        <keyphrase>sterling &amp; francine clark art institute</keyphrase>
        <keyphrase>collection</keyphrase>
        <keyphrase>impressioniste</keyphrase>
        <keyphrase>québec</keyphrase>
        <keyphrase>musee des beaux-arts de montreal</keyphrase>
        <keyphrase>chef-d'œuvres</keyphrase>
      </keyphrases>
      <keyphrases>
        <keyphrase>musée des beaux-art</keyphrase>
        <keyphrase>montréal</keyphrase>
        <keyphrase>chef-d'œuvres impressionnistes</keyphrase>
        <keyphrase>sterling &amp; francine clark art institute</keyphrase>
        <keyphrase>exposition</keyphrase>
      </keyphrases>
    </keyphrase_sets>
  </file>
  <file>
    <name>45674.html</name>
    <keyphrase_sets>
      <keyphrases>
        <keyphrase>indignation</keyphrase>
        <keyphrase>minorité</keyphrase>
        <keyphrase>suspension de séance</keyphrase>
        <keyphrase>budget 2013 pour l'agriculture</keyphrase>
      </keyphrases>
      <keyphrases>
        <keyphrase>assemblée nationale</keyphrase>
        <keyphrase>france</keyphrase>
        <keyphrase>incident</keyphrase>
        <keyphrase>vote</keyphrase>
        <keyphrase>agriculture</keyphrase>
        <keyphrase>suspension de la séance</keyphrase>
      </keyphrases>
      <keyphrases>
        <keyphrase>france</keyphrase>
        <keyphrase>assemblée nationale</keyphrase>
        <keyphrase>budget de l'agriculture</keyphrase>
        <keyphrase>débats</keyphrase>
        <keyphrase>suspension de séance</keyphrase>
        <keyphrase>indignation</keyphrase>
      </keyphrases>
    </keyphrase_sets>
  </file>
  <file>
    <name>45722.html</name>
    <keyphrase_sets>
      <keyphrases>
        <keyphrase>résultats</keyphrase>
        <keyphrase>républicain</keyphrase>
        <keyphrase>barack obama</keyphrase>
        <keyphrase>président</keyphrase>
        <keyphrase>démocrate</keyphrase>
      </keyphrases>
      <keyphrases>
        <keyphrase>résultats</keyphrase>
        <keyphrase>etats-unis</keyphrase>
        <keyphrase>républicains</keyphrase>
        <keyphrase>grands électeurs</keyphrase>
        <keyphrase>victoire</keyphrase>
        <keyphrase>démocrates</keyphrase>
        <keyphrase>barack obama</keyphrase>
      </keyphrases>
      <keyphrases>
        <keyphrase>états-unis</keyphrase>
        <keyphrase>soirée électorale</keyphrase>
        <keyphrase>proclamation des résultats</keyphrase>
        <keyphrase>barack obama</keyphrase>
        <keyphrase>président</keyphrase>
      </keyphrases>
    </keyphrase_sets>
  </file>
  <file>
    <name>44269.html</name>
    <keyphrase_sets>
      <keyphrases>
        <keyphrase>europe</keyphrase>
        <keyphrase>ministre</keyphrase>
        <keyphrase>nouveau gouvernement</keyphrase>
        <keyphrase>memorandum</keyphrase>
        <keyphrase>coalition</keyphrase>
        <keyphrase>pasok</keyphrase>
        <keyphrase>antonis samaras</keyphrase>
        <keyphrase>grèce</keyphrase>
      </keyphrases>
      <keyphrases>
        <keyphrase>nouveau gouvernement</keyphrase>
        <keyphrase>objectifs budgétaires</keyphrase>
        <keyphrase>grèce</keyphrase>
      </keyphrases>
      <keyphrases>
        <keyphrase>nouveau gouvernement de coalition</keyphrase>
        <keyphrase>grèce</keyphrase>
        <keyphrase>mémorandum</keyphrase>
      </keyphrases>
    </keyphrase_sets>
  </file>
  <file>
    <name>45789.html</name>
    <keyphrase_sets>
      <keyphrases>
        <keyphrase>vendée globe</keyphrase>
        <keyphrase>abandonner</keyphrase>
        <keyphrase>chalutier</keyphrase>
        <keyphrase>kito de pavant</keyphrase>
        <keyphrase>heurté</keyphrase>
      </keyphrases>
      <keyphrases>
        <keyphrase>abandon vendée globe</keyphrase>
        <keyphrase>kito de pavant</keyphrase>
      </keyphrases>
      <keyphrases>
        <keyphrase>vendée globe</keyphrase>
        <keyphrase>kito de pavant</keyphrase>
        <keyphrase>abandon</keyphrase>
        <keyphrase>dégâts</keyphrase>
        <keyphrase>chalutier</keyphrase>
      </keyphrases>
    </keyphrase_sets>
  </file>
  <file>
    <name>44046.html</name>
    <keyphrase_sets>
      <keyphrases>
        <keyphrase>vie au travail</keyphrase>
        <keyphrase>postier</keyphrase>
        <keyphrase>suicide</keyphrase>
      </keyphrases>
      <keyphrases>
        <keyphrase>postier</keyphrase>
        <keyphrase>la poste</keyphrase>
        <keyphrase>demande de changement de service</keyphrase>
        <keyphrase>suicide</keyphrase>
      </keyphrases>
      <keyphrases>
        <keyphrase>suicide</keyphrase>
        <keyphrase>postier</keyphrase>
        <keyphrase>syndicat</keyphrase>
        <keyphrase>difficultés personnelles</keyphrase>
        <keyphrase>refus de congés</keyphrase>
      </keyphrases>
    </keyphrase_sets>
  </file>
  <file>
    <name>45611.html</name>
    <keyphrase_sets>
      <keyphrases>
        <keyphrase>projet</keyphrase>
        <keyphrase>wikidata</keyphrase>
        <keyphrase>multilingue</keyphrase>
        <keyphrase>base de données</keyphrase>
      </keyphrases>
      <keyphrases>
        <keyphrase>wikimedia</keyphrase>
        <keyphrase>licences libres</keyphrase>
        <keyphrase>wikidata</keyphrase>
        <keyphrase>base de données</keyphrase>
      </keyphrases>
      <keyphrases>
        <keyphrase>wikidata</keyphrase>
        <keyphrase>projet de base de donnée</keyphrase>
        <keyphrase>source commune et multilingue</keyphrase>
        <keyphrase>fondation wikimedia</keyphrase>
        <keyphrase>automatisé</keyphrase>
      </keyphrases>
    </keyphrase_sets>
  </file>
  <file>
    <name>44833.html</name>
    <keyphrase_sets>
      <keyphrases>
        <keyphrase>croatie</keyphrase>
        <keyphrase>liste</keyphrase>
        <keyphrase>fraudeurs</keyphrase>
        <keyphrase>publication</keyphrase>
      </keyphrases>
      <keyphrases>
        <keyphrase>croatie</keyphrase>
        <keyphrase>plus gros fraudeurs</keyphrase>
        <keyphrase>publication</keyphrase>
      </keyphrases>
      <keyphrases>
        <keyphrase>croatie</keyphrase>
        <keyphrase>plus gros fraudeurs</keyphrase>
        <keyphrase>publication des noms</keyphrase>
        <keyphrase>effort de transparence</keyphrase>
        <keyphrase>impôts</keyphrase>
      </keyphrases>
    </keyphrase_sets>
  </file>
  <file>
    <name>44510.html</name>
    <keyphrase_sets>
      <keyphrases>
        <keyphrase>crime contre l'humanité</keyphrase>
        <keyphrase>organisation</keyphrase>
        <keyphrase>anciens détenus</keyphrase>
        <keyphrase>torture</keyphrase>
        <keyphrase>Human Rights Watch</keyphrase>
        <keyphrase>ong</keyphrase>
        <keyphrase>centres de détention</keyphrase>
        <keyphrase>cour pénale internationale</keyphrase>
        <keyphrase>syrie</keyphrase>
      </keyphrases>
      <keyphrases>
        <keyphrase>cour pénale internationale</keyphrase>
        <keyphrase>crime contre l'humanité</keyphrase>
        <keyphrase>torture</keyphrase>
        <keyphrase>prisons syriennes</keyphrase>
      </keyphrases>
      <keyphrases>
        <keyphrase>prisons syriennes</keyphrase>
        <keyphrase>crime contre l'humanité</keyphrase>
        <keyphrase>torture</keyphrase>
        <keyphrase>rapport</keyphrase>
      </keyphrases>
      <keyphrases>
        <keyphrase>centres de détentions</keyphrase>
        <keyphrase>ong</keyphrase>
        <keyphrase>syrie</keyphrase>
        <keyphrase>torture</keyphrase>
        <keyphrase>Human Rights Watch</keyphrase>
      </keyphrases>
      <keyphrases>
        <keyphrase>ong</keyphrase>
        <keyphrase>Human Rights Watch</keyphrase>
        <keyphrase>torture</keyphrase>
        <keyphrase>prisons syriennes</keyphrase>
        <keyphrase>rapport</keyphrase>
      </keyphrases>
    </keyphrase_sets>
  </file>
  <file>
    <name>45592.html</name>
    <keyphrase_sets>
      <keyphrases>
        <keyphrase>harry potter</keyphrase>
        <keyphrase>nouvel</keyphrase>
        <keyphrase>james bond</keyphrase>
        <keyphrase>tournage</keyphrase>
        <keyphrase>meilleur démarrage</keyphrase>
        <keyphrase>skyfall</keyphrase>
      </keyphrases>
      <keyphrases>
        <keyphrase>harry potter</keyphrase>
        <keyphrase>cinéma</keyphrase>
        <keyphrase>james bond</keyphrase>
        <keyphrase>skyfall</keyphrase>
        <keyphrase>deuxième meilleur lancement</keyphrase>
        <keyphrase>meilleur démarrage</keyphrase>
        <keyphrase>royaume-uni</keyphrase>
      </keyphrases>
      <keyphrases>
        <keyphrase>royaume-uni</keyphrase>
        <keyphrase>skyfall</keyphrase>
        <keyphrase>deuxième meilleur lancement</keyphrase>
        <keyphrase>james bond</keyphrase>
      </keyphrases>
    </keyphrase_sets>
  </file>
  <file>
    <name>44527.html</name>
    <keyphrase_sets>
      <keyphrases>
        <keyphrase>yasser arafat</keyphrase>
        <keyphrase>exhumation</keyphrase>
        <keyphrase>circonstances troubles</keyphrase>
        <keyphrase>décédé</keyphrase>
        <keyphrase>polonium</keyphrase>
      </keyphrases>
      <keyphrases>
        <keyphrase>yasser arafat</keyphrase>
        <keyphrase>polonium</keyphrase>
        <keyphrase>mort</keyphrase>
        <keyphrase>échantillons</keyphrase>
        <keyphrase>assassinat</keyphrase>
        <keyphrase>empoisonnement</keyphrase>
      </keyphrases>
      <keyphrases>
        <keyphrase>yasser arafat</keyphrase>
        <keyphrase>proche-orient</keyphrase>
        <keyphrase>polonium</keyphrase>
        <keyphrase>assassinat</keyphrase>
        <keyphrase>al jazeera</keyphrase>
      </keyphrases>
      <keyphrases>
        <keyphrase>yasser arafat</keyphrase>
        <keyphrase>polonium</keyphrase>
        <keyphrase>empoisonnement</keyphrase>
        <keyphrase>al jazeera</keyphrase>
        <keyphrase>documentaire</keyphrase>
        <keyphrase>autorité palestinienne</keyphrase>
      </keyphrases>
    </keyphrase_sets>
  </file>
  <file>
    <name>44532.html</name>
    <keyphrase_sets>
      <keyphrases>
        <keyphrase>parlement européen</keyphrase>
        <keyphrase>rejet</keyphrase>
        <keyphrase>victoire</keyphrase>
        <keyphrase>propriété intellectuelle</keyphrase>
        <keyphrase>citoyens</keyphrase>
        <keyphrase>acta</keyphrase>
      </keyphrases>
      <keyphrases>
        <keyphrase>acta</keyphrase>
        <keyphrase>rejet</keyphrase>
        <keyphrase>parlement européen</keyphrase>
        <keyphrase>victoire</keyphrase>
      </keyphrases>
      <keyphrases>
        <keyphrase>parlement européen</keyphrase>
        <keyphrase>acta</keyphrase>
        <keyphrase>rejet</keyphrase>
        <keyphrase>mobilisation</keyphrase>
        <keyphrase>propriété intellectuelle</keyphrase>
      </keyphrases>
    </keyphrase_sets>
  </file>
  <file>
    <name>44568.html</name>
    <keyphrase_sets>
      <keyphrases>
        <keyphrase>airbus</keyphrase>
        <keyphrase>accident</keyphrase>
        <keyphrase>flight director</keyphrase>
        <keyphrase>bea</keyphrase>
        <keyphrase>pilote</keyphrase>
        <keyphrase>air france</keyphrase>
        <keyphrase>crash du rio-paris</keyphrase>
        <keyphrase>rapport final</keyphrase>
      </keyphrases>
      <keyphrases>
        <keyphrase>informations</keyphrase>
        <keyphrase>crash</keyphrase>
        <keyphrase>rio-paris</keyphrase>
        <keyphrase>bea</keyphrase>
        <keyphrase>actions inappropriées des pilotes</keyphrase>
        <keyphrase>rapport final</keyphrase>
        <keyphrase>erronées</keyphrase>
      </keyphrases>
      <keyphrases>
        <keyphrase>rapport final</keyphrase>
        <keyphrase>bea</keyphrase>
        <keyphrase>accident</keyphrase>
        <keyphrase>avion</keyphrase>
        <keyphrase>rio</keyphrase>
        <keyphrase>paris</keyphrase>
        <keyphrase>flight director</keyphrase>
        <keyphrase>informations erronées</keyphrase>
      </keyphrases>
    </keyphrase_sets>
  </file>
  <file>
    <name>44881.html</name>
    <keyphrase_sets>
      <keyphrases>
        <keyphrase>présentatrice</keyphrase>
        <keyphrase>indépendant</keyphrase>
        <keyphrase>législative</keyphrase>
        <keyphrase>purge</keyphrase>
        <keyphrase>rtve</keyphrase>
        <keyphrase>élection</keyphrase>
        <keyphrase>rajoy</keyphrase>
        <keyphrase>journalisme</keyphrase>
      </keyphrases>
      <keyphrases>
        <keyphrase>espagne</keyphrase>
        <keyphrase>tve</keyphrase>
        <keyphrase>pp</keyphrase>
        <keyphrase>purger</keyphrase>
        <keyphrase>journalisme</keyphrase>
      </keyphrases>
      <keyphrases>
        <keyphrase>espagne</keyphrase>
        <keyphrase>purge à la rtve</keyphrase>
        <keyphrase>gouvernement rajoy</keyphrase>
        <keyphrase>parti populaire</keyphrase>
        <keyphrase>Ana Pastor</keyphrase>
      </keyphrases>
    </keyphrase_sets>
  </file>
  <file>
    <name>44520.html</name>
    <keyphrase_sets>
      <keyphrases>
        <keyphrase>lhc</keyphrase>
        <keyphrase>cern</keyphrase>
        <keyphrase>matière</keyphrase>
        <keyphrase>physique</keyphrase>
        <keyphrase>particule</keyphrase>
        <keyphrase>observations</keyphrase>
        <keyphrase>découverte</keyphrase>
        <keyphrase>boson de higgs</keyphrase>
      </keyphrases>
      <keyphrases>
        <keyphrase>cern</keyphrase>
        <keyphrase>nouvelle particule</keyphrase>
        <keyphrase>boson de higgs</keyphrase>
        <keyphrase>structure de la matière</keyphrase>
      </keyphrases>
      <keyphrases>
        <keyphrase>découverte</keyphrase>
        <keyphrase>nouvelle particule</keyphrase>
        <keyphrase>boson de higgs</keyphrase>
      </keyphrases>
      <keyphrases>
        <keyphrase>boson de higgs</keyphrase>
        <keyphrase>découverte</keyphrase>
        <keyphrase>cern</keyphrase>
        <keyphrase>particule</keyphrase>
      </keyphrases>
    </keyphrase_sets>
  </file>
  <file>
    <name>45625.html</name>
    <keyphrase_sets>
      <keyphrases>
        <keyphrase>évacuation du bâtiment</keyphrase>
        <keyphrase>stade</keyphrase>
        <keyphrase>bousculade meurtrière</keyphrase>
      </keyphrases>
      <keyphrases>
        <keyphrase>bousculade</keyphrase>
        <keyphrase>pietiné</keyphrase>
        <keyphrase>madrid</keyphrase>
        <keyphrase>halloween</keyphrase>
        <keyphrase>madrid arena</keyphrase>
        <keyphrase>fête</keyphrase>
        <keyphrase>mort</keyphrase>
      </keyphrases>
      <keyphrases>
        <keyphrase>madrid</keyphrase>
        <keyphrase>halloween</keyphrase>
        <keyphrase>trois morts piétinés</keyphrase>
        <keyphrase>bousculade</keyphrase>
      </keyphrases>
    </keyphrase_sets>
  </file>
  <file>
    <name>44530.html</name>
    <keyphrase_sets>
      <keyphrases>
        <keyphrase>province</keyphrase>
        <keyphrase>retrait</keyphrase>
        <keyphrase>responsabilité</keyphrase>
        <keyphrase>kapisa</keyphrase>
        <keyphrase>forces françaises</keyphrase>
        <keyphrase>forces afghanes</keyphrase>
        <keyphrase>transfert</keyphrase>
      </keyphrases>
      <keyphrases>
        <keyphrase>afghanistan</keyphrase>
        <keyphrase>armée afghane</keyphrase>
        <keyphrase>retrait</keyphrase>
        <keyphrase>kapisa</keyphrase>
        <keyphrase>armée française</keyphrase>
        <keyphrase>contrôle</keyphrase>
        <keyphrase>otan</keyphrase>
        <keyphrase>forces</keyphrase>
        <keyphrase>transfert</keyphrase>
      </keyphrases>
      <keyphrases>
        <keyphrase>armée française</keyphrase>
        <keyphrase>forces de sécurité afghanes</keyphrase>
        <keyphrase>transfert</keyphrase>
        <keyphrase>kapisa</keyphrase>
      </keyphrases>
      <keyphrases>
        <keyphrase>stabilité du pays</keyphrase>
        <keyphrase>armée française</keyphrase>
        <keyphrase>contrôle</keyphrase>
        <keyphrase>province de la kapisa</keyphrase>
        <keyphrase>forces de sécurité afghanes</keyphrase>
        <keyphrase>transfert</keyphrase>
      </keyphrases>
      <keyphrases>
        <keyphrase>armée française</keyphrase>
        <keyphrase>kapisa</keyphrase>
        <keyphrase>forces afghanes</keyphrase>
        <keyphrase>transfert</keyphrase>
        <keyphrase>responsabilité</keyphrase>
      </keyphrases>
    </keyphrase_sets>
  </file>
  <file>
    <name>44998.html</name>
    <keyphrase_sets>
      <keyphrases>
        <keyphrase>samsung</keyphrase>
        <keyphrase>baisse</keyphrase>
        <keyphrase>bourse</keyphrase>
        <keyphrase>procès</keyphrase>
        <keyphrase>perte</keyphrase>
        <keyphrase>coréenne</keyphrase>
      </keyphrases>
      <keyphrases>
        <keyphrase>analyste</keyphrase>
        <keyphrase>apple</keyphrase>
        <keyphrase>samsung</keyphrase>
        <keyphrase>condamnation</keyphrase>
        <keyphrase>baisse</keyphrase>
        <keyphrase>bourse</keyphrase>
        <keyphrase>violation de brevets</keyphrase>
        <keyphrase>procès</keyphrase>
        <keyphrase>action</keyphrase>
      </keyphrases>
      <keyphrases>
        <keyphrase>samsung</keyphrase>
        <keyphrase>bourse</keyphrase>
        <keyphrase>action</keyphrase>
        <keyphrase>baisse</keyphrase>
        <keyphrase>condamnation</keyphrase>
        <keyphrase>procès perdu face à apple</keyphrase>
      </keyphrases>
    </keyphrase_sets>
  </file>
  <file>
    <name>44589.html</name>
    <keyphrase_sets>
      <keyphrases>
        <keyphrase>serena williams</keyphrase>
        <keyphrase>tennis</keyphrase>
        <keyphrase>grand chelem</keyphrase>
        <keyphrase>tournoi de wimbledon</keyphrase>
        <keyphrase>victoire</keyphrase>
      </keyphrases>
      <keyphrases>
        <keyphrase>agnieszka radwanska</keyphrase>
        <keyphrase>grand chelem</keyphrase>
        <keyphrase>coupe</keyphrase>
        <keyphrase>serena williams</keyphrase>
        <keyphrase>tournoi</keyphrase>
        <keyphrase>wimbledon</keyphrase>
      </keyphrases>
      <keyphrases>
        <keyphrase>serena williams</keyphrase>
        <keyphrase>victoire</keyphrase>
        <keyphrase>wimbledon</keyphrase>
        <keyphrase>agnieszka radwanska</keyphrase>
        <keyphrase>titre du Grand Chelem</keyphrase>
      </keyphrases>
    </keyphrase_sets>
  </file>
  <file>
    <name>45496.html</name>
    <keyphrase_sets>
      <keyphrases>
        <keyphrase>alpha centauri</keyphrase>
        <keyphrase>espace</keyphrase>
        <keyphrase>exoplanete</keyphrase>
        <keyphrase>orbite</keyphrase>
        <keyphrase>etoile</keyphrase>
        <keyphrase>observatoire</keyphrase>
      </keyphrases>
      <keyphrases>
        <keyphrase>étoile</keyphrase>
        <keyphrase>alpha centauri</keyphrase>
        <keyphrase>harps</keyphrase>
        <keyphrase>colonisation</keyphrase>
        <keyphrase>astronomie</keyphrase>
        <keyphrase>nature</keyphrase>
        <keyphrase>espace</keyphrase>
        <keyphrase>exoplanète</keyphrase>
        <keyphrase>chili</keyphrase>
      </keyphrases>
      <keyphrases>
        <keyphrase>découverte</keyphrase>
        <keyphrase>exoplanète</keyphrase>
        <keyphrase>alpha centauri bb</keyphrase>
        <keyphrase>michel mayor</keyphrase>
        <keyphrase>terre</keyphrase>
      </keyphrases>
    </keyphrase_sets>
  </file>
  <file>
    <name>44231.html</name>
    <keyphrase_sets>
      <keyphrases>
        <keyphrase>télévision</keyphrase>
        <keyphrase>football</keyphrase>
        <keyphrase>complice</keyphrase>
        <keyphrase>thierry roland</keyphrase>
        <keyphrase>match</keyphrase>
      </keyphrases>
      <keyphrases>
        <keyphrase>tricolore</keyphrase>
        <keyphrase>football</keyphrase>
        <keyphrase>disparition</keyphrase>
        <keyphrase>sportif</keyphrase>
        <keyphrase>thierry roland</keyphrase>
        <keyphrase>commentateur</keyphrase>
      </keyphrases>
      <keyphrases>
        <keyphrase>Thierry Roland</keyphrase>
        <keyphrase>décès</keyphrase>
        <keyphrase>AVC</keyphrase>
        <keyphrase>football</keyphrase>
        <keyphrase>commentateur</keyphrase>
      </keyphrases>
    </keyphrase_sets>
  </file>
</files>
